author,comment,date,sentiment_class
@SAMSUNGSDS, 채널 구독 EVENT AI의 능력을 모두의 능력으로 만드는 기업 하이퍼오토메이션 엑셀레이터 삼성SDS  AI시대 오피스라이프  httpsyoutubejEciRV3V1k 영상 시청과 함께 유튜브 채널 구독하고 소문내주세요 추첨을 통해  갤럭시탭 S9 FE 갤럭시 워치 6 등 다양한 선물을 드립니다 이벤트 기간참여 기간  2024년  01월 29일 월  2024년 02월 29일 금당첨자 발표  2024년 03월 15일 금 개별 연락STEP 1  AI시대 오피스라이프 브랜드 필름 시청하기 httpsyoutubejEciRV3V1kSTEP 2 삼성SDS  유튜브 채널 구독하고  소문내기STEP 3 구독 화면을 캡쳐해 아래  링크로 제출하면 완료 이벤트 참여 링크  httpsnaverme5K54zUuQ채널 구독하고 캡처한 이미지 제출 완료 시 참여로 인정됩니다추첨 선물  갤럭시탭 S9 FE  WiFi 128GB 1명 갤럭시 워치 6  44mm Bluetooth 2명 도미노피자콜라 기프티콘10명  스타벅스 카페 아메리카노 T 기프티콘100명,2024-01-31 06:34:22,LABEL_1
@user-pw3gk2vn5e,삼성SDS의 생성형 AI 서비스가 오피스와 우리의 라이프에 어떤 새바람을 일으킬지너무너무 기대가 되네요 업무에 능률을 생활에 편리함을 가져다줄 삼성SDS의 최신 AI 기술인 생성형 AI 서비스의 시작을 응원합니다,2024-02-29 06:34:22,LABEL_1
@user-li3hn3lw6q,AI의 능력을 모두의 능력으로 만드는 기업 하이퍼오토메이션 엑셀레이터 삼성SDS  AI시대 오피스라이프 즐겁고 흥미롭게 잘 보았습니다 삼성SDS 2024년 새해에는 부디 꽃길만 걸으시고 소망하시는 모든 일이 이루이 지시기를 진심으로 바라고 응원합니다앞으로도 다양한 연령층에서 더더욱 많은 분들에게 사랑받으시길 응원합니다그리고 더욱더 친근하고 신뢰가는 모습으로 서로가 더 많이 교류하면서 자주 소통하는 사이가 되기를 바래봅니다또한 지금처럼 저희들에게 유용하고 알찬 정보 많이많이 전해주시길 부탁드리고 그 수고에 항상 감사드립니다,2024-02-29 06:34:22,LABEL_1
@user-jc6zw1gf9u,AI시대 오피스라이프 오 멋지네요 삼성 화이팅 노력한데로 이뤄지는 밝은 미래를 꿈꾸며 언제나 우리에게도 희망이 있기를 바라는 마음 담아요 내일의 태양이 지치고 힘들게만 만드는게 아니라 따스함을 담아 우릴 더 힘내게 할거라고 믿고 싶어요 인생에서 가장 큰 실수는 해보지도 않고 하고 싶은 일을 잘 할수 없을까봐 판단하고 자꾸 포기하는 습관과 지금 눈앞에 놓여진 것들에 소홀하고 과거와 미래만 생각하느라 인생 시간을 계속 쓰는 일들이라고 하더라구요 그말에 공감해요 당장 필요한 것들을 하나씩 하면 좋을거 같아요겨울이라 일교차 크니 감기 걸리지 않게 건강 조심하세요,2024-02-29 06:34:22,LABEL_0
@humavv,때와장소를 가리지않는다딱 맞는표현이네요AI는 어디에든 무궁무진한 기능인것같아요삼성SDS의 생성형AI로 업무 효율을 높일수있고 회사내에서 가장핵심적으로 질을 상승시킬수 있을것같습니다인간과 생성형AI로 우리에게 다가올 핵심적인 플랫폼이라고 느꼈어요또한 일상속에서도 매우 유용하게 사용할수있을것같고 점점 편리한 세상이 다가온것같아요,2024-02-29 06:34:22,LABEL_1
@user-hh2gr5cc5t,OpenAI 와 챗gpt가 만든 생성형 AI에서도 삼성SDS는 발군의 능력을 보여주시네요영상미도 너무 좋고 무엇을 말하려고 하는지 잘 알려주는 것 같아요삼성SDS의 생성형 AI 기술 응원하고 기대할게요,2024-02-29 06:34:22,LABEL_1
@jom1494,하이퍼오토메이션 엑셀레이터 삼성SDS의 저력을 믿습니다 인공지능의 능력을 모두의 능력으로 만드는 기업인 삼성SDS의 지속적인 성장과 발전을 기대하고 응원합니다 삼성SDS 화이팅,2024-02-29 06:34:22,LABEL_1
@user-bz9fd3rw1k,삼성SDS만의 생성형 AI 서비스가 너무나 기대되고 AI 시대를 선도할 앞으로의 삼성SDS도 너무나 기대가 되네요 삼성SDS의 AI 기술들이 전세계에서 인정받고 널리 통용되기를 응원합니다 ,2024-02-29 06:34:22,LABEL_0
@ssyeon,우리가 살아가는 시대는 AI 사용해서 더욱 효율적 업무를 볼수 있는 시대가 도래한것 같아요삼성 SDS AI 솔루션에 더욱 관심가지고 응원합니다,2024-02-29 06:34:22,LABEL_1
@sozerotwo,요즘 AI가 대세고 화두인 건 너무 잘 알지만 이렇게 오피스라이프와 접목한 모습을 광고로 보니까 제 일상도 더 멋지고 심플해질 거 같네요ㅋㅋㅋㅋㅋ AI에게 물어보고 시키고 요구하는 뻔뻔한 모습이 재밌고 시원해서 자꾸 보게됩니다,2024-02-29 06:34:22,LABEL_1
@user-rn8ww4qo6t,생성형 AI서비스는 삼성SDS가 최초네요말하면 척척 알아서 다해주는 AI기술로 앞으로의 우리의 세상은 더 놀랍고 편리해지겠어요삼성SDS 기술을 응원하며 앞으로도 승승장구하시길 응원합니다삼성SDS 화이팅,2024-02-29 06:34:22,LABEL_1
@baro_114,그야 말로 와 소리가 절로 나오네요 생각하고 말하면 그대로 이루어지는 세상 AI Life All New Life 말이 정말 잘 어울리는 강렬한 영상이었습니다진심으로 미래를 기대하게 하는 내용이었어요 삼성SDS가 열어갈 AI 시대 오피스  라이프를 기대하겠습니다 ,2024-01-31 06:34:22,LABEL_1
@user-yo6rh8xy4l,어렸을 때 꿈만 꿔왔던게 현실로 이루어 지는 세상  삼성 SDS가 그걸 해냅니다  이래라저래라 해도 다알아서 해주는 AI 기술 앞으로도 더 기대되요   역시 시작과 끝은 삼성입니다,2024-01-31 06:34:22,LABEL_1
@wanna_,AI 시대 개막에 두근두근 설레요 새해 삼성 갤럭시 AI 실시간 통역에 놀란지 얼마 안된 것 같은데 이제 일상과 오피스에서도 AI의 능력을 누릴 수 있는 생성형  AI시대가 이렇게나 빨리 찾아 오다니 그저 행복합니다 뻔뻔하게 별걸 다 물어봐도 별걸 다 해주는 AI의 새로운 라이프 정말 기대가 커지고 앞으로 삼성AI 서비스로 일과 여행 모두 편하고 완벽하게 해내고 싶은 의욕이 샘솟네요 뭐든 맡겨서 일의 효율성을 높이고 일상과 일에 균형을 맞춰 멋진 일질러가 되고 싶어요,2024-02-29 06:34:22,LABEL_1
@user-is7ib1gr2p,삼성 SDS의 AI  시대가 기대가됩니다모든 생활에 AI가 되는  시대에 살고있는 지금이 오피스 라이프 시대네요항상 응원합니다삼성SDS,2024-02-29 06:34:22,LABEL_1
@user-wr5wf4cc6k,삼성SDS의 혁신적인 AI 패브릭스가 기대됩니다 항상 유익한정보와알찬소식으로  많은분들이 공감하고 있습니다언제나 많은분들에게 아낌없는 사랑듬뿍 받으시길 기원합니다,2024-01-31 06:34:22,LABEL_1
@user-kq3xl8it7g,식당도 찾아주고 메일도 대신 써주고 뭐든지 알아서 척척해주는 생성형 AI 서비스가 현실에서 실현된다면 정말 멋질꺼같아요디지털 혁신의 가능성을 제시하는 삼성SDS 생성형 AI가 앞으로 더 발전할수 있기를 기대하며 응원합니다  ,2024-02-29 06:34:22,LABEL_1
@mskim4995,회사 업무를 하면서 빈번하게 사용하는 메일 메신저 영상회의 등 협업 솔루션에 생성형 AI 기술을 적용한 서비스로 간편하게 수행할 수 있다니 감동이에요 이젠 영상회의 중 실시간 자막과 회의록 작성 회의 종료 후 회의록과 실행 방안 담당자에 메일 발송 수신 메일과 메신저 실시간 요약 메일 초안 작성 등의 다양한 작업을 삼성SDS 생성형 AI 서비스에 부탁하겠습니다,2024-02-29 06:34:22,LABEL_1
@fornest-3,삼성SDS의 지금까지 집약한 AI 기술과 고객 업종에 대한 깊은 이해를 바탕으로 기업 업무의 Hyperautomation을 현실로 실현하는 다양한 생성형 AI 서비스에 전 세계인의 사랑과 무궁한 번영이 함께 하시길 두손 모아 기원합니다,2024-01-31 06:34:22,LABEL_1
@youngheelee2930,삼성SDS에서의 의 공감 할 수 있는 유익한 소식과 알찬 정보로 언제나 함께 소통하며 더욱 많은 분들과 정보를 나눌 수 있는 소중한 공간으로 거듭나길 응원합니다늘 행복한 기분 좋은 소식들 많이 올려주시고 애정 가득한 내용도 많이 전해주세요그리고 룰렛 출석체크 걷기 어플 연동워크온등 다양한 이벤트로 재미와 참여를 하여 함께 발전하는 채널이 되었으면 해요 고맙습니다,2024-01-31 06:34:22,LABEL_1
@BASHK4,생성형 AI 열풍이 모든 비즈니스와 기업에게 생산성을 극적으로 향상시킬 디지털 혁신의 가능성을 제시한 가운데 FabriX Brity Copilot Samsung Cloud Platform 등 역시 삼성SDS라는 소리가 절로 나오네요너무 혁신적이어서 안 쓰면 손해겠어요,2024-02-29 06:34:22,LABEL_1
@sorrjj,삼성SDS의 혁신적인 AI 패브릭스가 기대되네요 오피스 협업 솔루션으로 업무 효율을 극대화하면 좋겠네요 미래 AI시대를 선도하는 삼성SDS의 기술력이 실생활에 얼마나 유용할지 기대됩니다,2024-01-31 06:34:22,LABEL_0
@raniakea5166,생성형AI가 나의일을 일부 해주는 분신같은 존재가 되어가고 있네요삼성SDS와 함께 시대에 뒤쳐지지 않도록 미리미리 대응해야될 것 같아요이제는 누가 더 AI를 잘 활용하느냐가 능력이될 시대에  삼성SDS AI서비스로 미래를 맞이하고 열어가야야되겠습니다 ,2024-02-29 06:34:22,LABEL_0
@kwangseok_enrique,챗GPT AI 등 요즘 제가 가장 관심 있게 생각하고 직접 체험 해보는 것들이라 흥미롭네요 생성형 AI시대는 삼성SDS 라는 말이 맞는 것 같습니다 영상을 보면서 하이퍼오토메이션에 대해서 조금 더 알아보고 있는 중입니다 예전에는 기계나 AI 등에 대한 것에 관심이 zero였는데 아이들이 관심을 갖기 시작하면서 늦게나마 공부도 하고 정보를 모으는 등 흥미까지 생겨버렸네요 현실세계에 일어날 수 있을까 라는 의문을 비웃기나 하듯 실생활에 녹아든 AI 시대에 저도 삼성SDS와 함께 하겠습니다 항상 응원하고 내일은 또 어떠한 놀라움을 줄까 하면서 기대하고 지켜보겠습니다,2024-01-31 06:34:22,LABEL_1
@user-uf4jq7nn2s,삼성 SDS와 함께 생성형 AI시대를 열어갈 길이 너무너무 기대되고 설레네요 미래를 이끌어나가는 삼성 SDS 앞으로도 많은 이들에게 큰 관심과 사랑 가득 받길 응원합니다,2024-02-29 06:34:22,LABEL_1
@kimyessir,노래가 너무 좋아요 두근두근 ㅋㅋ 표 바로 붙이고 발언 요약되는 기능 너무 편할 것 같아요,2024-01-31 06:34:22,LABEL_1
@mgpavictor56,생성형 AI가 오피스 환경에 주는 영향들이 멋지고 더 편리해질 삶이 기대되네요이 영화같은 현실이 삼성SDS의 AI 서비스로 실현된다니 신뢰도 100 이상이에요FabriX Brity Copilot Samsung Cloud Platform으로 만든 변화에 이어 더욱 발전될 삼성SDS 생성형 AI 서비스가 만들 미래를 응원합니다,2024-02-29 06:34:22,LABEL_1
@user-zj8tk3ny8k,삼성SDS의 혁신적인 AI 패브릭스 정말 기대됩니다항사 알찬 정보 기능을 알려주는 삼성SDS 정말 감사하고 고맙습니다AI시대에 삼성SDS와 같이 대한민국을 빛내주세요,2024-02-29 06:34:22,LABEL_1
@user-wt4yb5ds5v,AI의 능력을 모두의 능력으로 만드는 기업 하이퍼오토메이션 엑셀레이터 영상을 통하여2024 기대가 됩니다대박나세요응원합니다참여완료,2024-02-29 06:34:22,LABEL_1
@user-xp8qp4df2b,역시 모든면에서 항상 한발 앞서가는 삼성이네요 AI시대에서 오피스에서나 라이프에서도 못하는게 없이 그 탁월한 능력을 발휘할 수 있는 AI 서비스네요삼성의 핵심 플랫폼과 데이터관리 진정으로 기대되고 없어서는 절대 안될것 같은 기술이 눈앞에서 현실화 되는것 같아요 점점 진화 하고 있는 삼성의 그 끝은 과연 어디인지 자못 궁금해 집니다 ,2024-02-29 06:34:22,LABEL_1
@roveal777,삼성 SDS의 AI 기술을 통해 새로운 시대에 발맞춰 더욱 효율적인 업무와 편리한 라이프를 누릴 수 있게 되었다는 것에 큰 기대와 응원을 보냅니다 또한 이러한 혁신적인 기술이 우리의 일상에 어떠한 새로운 가능성을 가져다 줄지 궁금하고 기대됩니다 삼성 SDS가 AI 기술을 선도하는 기업으로서 더 큰 성과를 이루어 나가길 기대하며 응원합니다 함께 밝은 미래를 향해 나아가는 모습을 지켜볼 수 있기를 기대합니다 ,2024-02-29 06:34:22,LABEL_1
@user-lq4se6lz8m,많은 분들로부터 큰사랑 받는 삼성SDS가 되길 바라며 AI시대에 앞장서는 삼성SDS가 되어주시고 꾸준히 발전하시어 번창하세요,2024-02-29 06:34:22,LABEL_1
@user-oq6pm9jb5t,나날이 발전하는 세상에서 AI인공지능 음성 인식 서비스가 스마트폰에서도 보편화되어가고 인공지능이 대체하게 됨으로써 인간의 손을 떠나게 될 직업부터 생성형 AI으로 새로 생겨날 큰 변화는 어떻게 변화되어올지 기다려지네요삼성SDS만의 강점 ChatGPT를 넘어 생성형 AIGenerative AI의 미래의 시작을 응원합니다,2024-01-31 06:34:22,LABEL_1
@leeinwoo,생성형 AI시대 저도 삼성 SDS와 같이 시작해봅니다 응원 열심히 할께요,2024-02-29 06:34:22,LABEL_1
@Lazymom7,삼성SDS의 생성형 AI플랫폼이 우리의 전반적인라이프 스타일에 큰 변화를 가져다 줄거 같아 설레이네요 응원할게요,2024-02-29 06:34:22,LABEL_1
@X2SiO4,AI로 변해가는 우리 일상과 직장 속의 모습을 보니 제2의 인터넷 시대가 시작된 것 같네요 인터넷으로 우리가 사용하는 모든 것들이 변화해온 것 만큼 AI를 통해 우리 일상과 업무가 어떻게 변하게 될지 기대되면서 상상할 수 없었던 업무를 가능하게 만드는 생성형 AI를 통한 삼성SDS의 새로운 기술과 도전을 응원하겠습니다,2024-02-29 06:34:22,LABEL_0
@jojzzang77,생성형 AI기술이 앞으로 기대됩니다고객과 함께하며 더욱 성장하고 발전하는 삼성SDS 되길 응원합니다,2024-01-31 06:34:22,LABEL_1
@gmlwjdtjs,생성형 AI서비스로 일상이 스마트하게 변화하는 미래의 시대가 이제 현실이 되었네요삼성SDS의 차별화된 AI 기술력으로 시작하는 AI 시대가 정말 기대됩니다 ,2024-01-31 06:34:22,LABEL_1
@denisrow3908,정말 AI 성장이 엄청난 시대인 만큼 기대가 너무 크네요 말만 하면 뚝딱 뚝딱 해주고 찾아주고 정리해주는 AI 상상만 해도 좋네요그 중심에 삼성 SDS가 있다니 너무 멋져요 어떻게 활용하고 써먹느냐에 따라 가치가 달라지는데 삼성 SDS가 주도하는 생성형 AI 서비스는 퀄리티가 남다를 것 같아서 빨리 만나보고 싶어요영상만 봐도 기대기대,2024-01-31 06:34:22,LABEL_1
@fox0830fox,AI와 공생하고 상생해야하는 시대가 오고있네요 그 선두주자인 삼성 SDS의 생성형 AI기술까지도 너무 기대됩니다,2024-02-29 06:34:22,LABEL_0
@user-lz4dc6ol3j,드디어 이제  삼성SDS 생성형 AI 서비스시대 가 실제로 온것 같아 정말 신기할 따름이네요 이걸또 삼성이 해내고야 말았네요 ㅎㅎ 전세계가 항상 기대하고 열광하는 삼성의 신기술 삼성SDS 2023년 한해 너무 고생많으셨고 기쁜일 슬픈일이 가득한 한해인만큼 좀더 많은것들을 얻고 성장한 한해었길 바라며 다가오는 2024년 새해에는 더욱더 많은것들을 이루고 성취하는 최고의 한해가 되길 기원합니다  삼성SDS 생성형 AI 서비스 화이팅 ,2024-01-31 06:34:22,LABEL_1
@tkfkddl6180,인공지능의 능력을 모두의 능력으로 만드는 기업인 삼성SDS의 지속적인 성장과 발전에 큰 박수를 보내드리고 싶네요언제나 응원합니다,2024-02-29 06:34:22,LABEL_1
@user-fm9jh6xb1x,생성형 AI 시대로 미래에서나 가능한 편리한 시대가 도래한 것 같습니다 삼성으로 인해서 우리의 생활의 질이 더욱더 업그레이드될 것 같습니다 미래 속 상상에만 생각했던 기술이 현실이 되니까 정말 놀랍지 않을 수 없습니다 삼성의 편리함을 추구하는 기술혁신이 어디까지 가능할지 정말 기대가 됩니다삼성에 SDS AI의 all new life를 향한 끊임없는 기술혁신과 도전을 응원합니다삼성에 생성형 AI로 인한 우리의 행복이 어디까지 이어질지 궁금합니다,2024-01-31 06:34:22,LABEL_1
@user-cx1me7wt4p,삼성SDS의 뛰어난 기술력을 바탕으로 AI를 통해 대한민국을 이끌어가는게 정말 자랑스럽네요 생성형 AI를 바탕으로 여러분야에 적용하는 뛰어난 기술력이 정말 대단합니다 앞으로도 더더욱 발전하여 세계를 이끌어가는 삼성SDS가 되었으면 하네요 삼성SDS 화이팅,2024-02-29 06:34:22,LABEL_1
@yy00667,이 영상을 보고 나니 삼성SDS의 생성형 AI가 얼마나 강력하고 다양한 분야에 적용될 수 있는지 느낄 수 있었고 FabriX 플랫폼을 통해 기업 시스템에 AI를 쉽게 도입할 수 있고 Brity Copilot을 통해 AI와 대화하듯 협업하고 문제를 해결할 수 있다는 것이 놀랍네요 삼성SDS의 AI 기술력에 감탄합니다 ,2024-01-31 06:34:22,LABEL_1
@011kimsso,생성형 AI시대의 시작은 삼성 SDS와 함께 멋진 앞날 응원합니다 ,2024-02-29 06:34:22,LABEL_1
@user-of6yr5zt3r,광고 재미있게 봤어요AI시대에 삼성SDS와 함게해서 좋아요삼성SDS 더욱 성장하길 응윈 합니다,2024-02-29 06:34:22,LABEL_1
@user-oz9vu8sb5d,생성형 AI로 생활에 큰변화를 주도하는 삼섬SDS의 앞길을 응원하고 또 응원합니다,2024-02-29 06:34:22,LABEL_1
@cook89701,삼성SDS만의 생성형 AI서비스가 두근두근 기대됩니다 앞으로도 유익한 정보와 좋은 새소식 기대 많이 하겠습니다 응원합니다 홧팅,2024-02-29 06:34:22,LABEL_1
@user-il4ow6yp6s,내가 원하는데로  나만을 위한 개인비서 생성형 AI 시대를 선도하는 삼성 SDS 홧팅,2024-02-29 06:34:22,LABEL_1
@edwood95,삼성SDS의 생성형 AI서비스가 새로운 패러다임으로 온 세계를 놀라게 하길 진심으로 응원하겠습니다,2024-01-31 06:34:22,LABEL_0
@jihwang0121,삼성SDS와 함께 펼쳐질 AI 패브릭스 정말 기대되네요 기술 혁신를 통해 더욱 더 스마트한 세상이 눈앞에 펼쳐지는것 같아요 앞으로도 응원하겠습니다,2024-02-29 06:34:22,LABEL_1
@hoonseongkang494,Ai 덕분에 새로운 삶을 살게 될 우리의 미래가 기대됩니다 삼성SDS AI능력으로 데이터의 확보부터 분석 의사결정에 이르는 모든 프로세스에 혁신적인 변화로 기업이 더 스마트하게 운영될 거 같아요,2024-02-29 06:34:22,LABEL_1
@kims_way,와우 저렇게 신선한 오피스와 일상의 라이프를 변화시키는 생성형 ai 발전의 선두주자 삼성 sds를 응원합니다,2024-02-29 06:34:22,LABEL_1
@TheBigTwister,앞으로 삼성 스마트 가전과 휴대폰 생태계에 패브릭스 AI 플랫폼이 융합된다면 보다 편리하고 효율성 극대화된 스마트 Home  Office 환경이 구축되겠군요 상상이 현실이 될 그날이 너무 설레고 기대되네요 ,2024-02-29 06:34:22,LABEL_1
@iamtonywife,생성형 AI 시대 시작은 삼성SDS로부터삼성SDS 생성형 AI 서비스와 함께 보다 멋진 디지털 시대를 기대해봅니다,2024-02-29 06:34:22,LABEL_1
@sangkisong605,CF성 유튜브 영상이 수준있고 또한 날카로운 유머까지정말 잘 만들어졌네요저 또한 뻔뻔하지만 AI시대 오피스라이프가 정말 필요한 사람이네요행복한 삶을 위해 AI 와의 친근한 관계를 만들고 싶네요감사드립니다 ,2024-01-31 06:34:22,LABEL_1
@jinny3600,생성형 AI시대 기대됩니다 ㅎㅎ 응원할게요 블로그 공유도 완료했답니다,2024-02-29 06:34:22,LABEL_1
@soda2023,삼성SDS의 생성형 AI와 함께 이제 오피스라이프도뻔해지고 별걸 다 물어보고 이래라저래라 하고 이랬다저랬다 하고 때와 장소를 가리지 않고  깜빡도 하고 꿈뻑도 졸아 보자는 광고 문구 넘 맘에 드네요이 정도면 제 일자리가 위태로운거 아닌지 ,2024-02-29 06:34:22,LABEL_1
@user-du6xd5im5h,삼성SDS의 AI시대 오피스라이프 잘 봤어요 볼수록 신비하고 새로운 세상에 빠져들며 편한 생활을 이어가는 행복한 스토리가 마음을 사로잡네요 세련된 영상미에 감각적인 음악이 함께해서 한편의 멋진 영화 예고편을 보는 것 같았어요 앞으로도 많은 관심과 사랑 속에 크게 발전하길 바라며 응원할게요,2024-02-29 06:34:22,LABEL_1
@user-tr7ir9bb9e,비즈니스 환경에서 삼성 SDS 생성형 AI 서비스가 가져올 혁신이 기대가 됩니다,2024-02-29 06:34:22,LABEL_0
@heavenheaven312,정말 이제는 ai와 대화하며 별걸 다 맡기고 시킬 수 있는 시대가 왔네요 그 시작은 삼성sds Sds와 함께 더욱 발전하는 우리나라가 되길 바랍니다,2024-01-31 06:34:22,LABEL_1
@user-bu6hj7dc3e,영상보는 내내 미래의 오피스를 미리 보는거 같아 신기하고 기대도 되고 그랬어요AI 비서가 회의 일정 조율 메모 작성 보고서 작성 그리고 번역 기능을 통해 해외 파트너와의 원활한 소통데이터 분석을 통한 마케팅 전략 수립과 그 효과에 대한 측정까지 그리고 AI기술이 창의력을 오히려 더 끌어 올 릴 수 있어 사람이 잘 사용하면 더 나은 개인과 기업의 삶을 살 수 있을 않을까하는 기대감도 사실이구요삼성 SDS AI 솔루션이 그 답이 될 수 있을거란 기대감이 생겼습니다 앞으로 다양한 소식 많이 전해 주세요,2024-02-29 06:34:22,LABEL_1
@user-ix7fz1kv3w,생성형 AI시대 삼성SDS와 같이 선도하고 응원합니다 유익하고 다양한 콘텐츠 감사합니다 ,2024-02-29 06:34:22,LABEL_1
@beta30000,2024년은 인공지능 시대이고 생성형AI 패브릭스로 명령어 하나면 업무시스템을 빠르게 해결할수 있겠네요기업과 사용자가 패프릭스를 통해 경쟁력을 높일수있는 프로세스의 혁신이라고 생각이 들어 점점 우리사회와 우리들곁에 자리잡아가고 있는 인공지능AI인것같습니다,2024-02-29 06:34:22,LABEL_1
@parkjun114,캬 나래이션 배우 김기현 선생님의 목소리도 좋고 광고의 퀄리티도 예술입니다생성형 AI시대 시작은 삼성 SDS로부터 역시 세계일류 기업 삼성입니다,2024-02-29 06:34:22,LABEL_1
@user-yg8hz8uc1j,삼성SDS삼성SDS 2024년 갑진년 항상 좋은 일만 가득 가득하시고 하는일마다 신의 은총이 함께하며 올 한해 글로벌기업으로 도약하는 원년이 되길 진심으로 기원하면서 열렬히 응원합니다,2024-02-29 06:34:22,LABEL_1
@mslee2408,AI 시대에 오피스와 라이프를 리드하는 삼성SDS 생성형 인공지능 서비스가 나날이 진화하고 발전하기를 학수고대합니다 생성형 인공지능 서비스는 삼성SDS와 함께 하겠습니다 삼성SDS 영 원 하 라 ,2024-02-29 06:34:22,LABEL_1
@user-qp2gg6oz1q,삼성SDS의 생성형 AI 시대에 역동적이고 드라마틱한 기후변화 시스템이 기대됩니다 이러한 혁신적인 기술의 발전으로 인해 삶이 어떻게 더욱 더 편해질지는 상상하기 어렵지만 확실히 삶의 질은 현격하게 달라질 것으로 기대됩니다 특히 광고의 효과가 톡톡하게 전해지는 것은 놀라운 부분이며 편집자에게는 정말 감동적인 작업을 해주셔서 상줘야겠어요,2024-01-31 06:34:22,LABEL_0
@user-hq7om4ks7n,AI시대에 발맞춰 나가는 아니 선도하는 삼성SDS가 되길 응원합니다,2024-02-29 06:34:22,LABEL_0
@nakyonghee8394,삼성SDS AI시대 오피스라이프 영상을 보면서 우리의 내일이 미래가 더욱 기대됩니다 삼성SDS의 앞장서서 나아가길 응원할게요,2024-02-29 06:34:22,LABEL_1
@anetteJ,챗GPT AI 는 미래 필수적인 것들인만큼삼성 SDS의 노력이 빛을 바랄거 같습니다정말 진심으로 응원합니다,2024-02-29 06:34:22,LABEL_1
@whitedog81,AI시대가 성큼 다가왔음을 알려주는 영상  너무좋아요삼성SDS와 함께 펼쳐질 AI패브릭스 기대합니다,2024-02-29 06:34:22,LABEL_1
@inwoo42595,음악이 신나서 영상 잼있게 잘 봤어요 역동적으로 변화하는 오피스라이프 너무 기대가 됩니다 삼성 SDS 화이팅됩니다,2024-01-31 06:34:22,LABEL_1
@user-sophia485,삼성의 앞서가는 기술력이 편리한 세상에 한발 더 앞서게 하네요삼성 화이팅 ,2024-02-29 06:34:22,LABEL_1
@leejubok,생성형 AI로 우리 생활에 변화의 혁신을 선도하는 삼섬SDS  화이팅,2024-02-29 06:34:22,LABEL_1
@user-gz2lf6xw4h,생성형 AI시대 시작은 SDS로부터 AI시대 오피스라이프가 기대되는 영상이네요 삼성SDS를 응원합니다,2024-02-29 06:34:22,LABEL_1
@black_jang,AI통해 우리삶이 혁신적으로 변화하는데 삼성SDS AI패브릭스가 앞장서길 바랍니다 영상도 잘뽑혔어요,2024-02-29 06:34:22,LABEL_1
@user-ky9dt2tb5x,생성형AI시대에  많은변화가 생겨 효율적일것같아요삼성SDS AI솔루션에 기대됍니다삼성SDS 응원합니다,2024-02-29 06:34:22,LABEL_1
@jiyun68785,요즘 AI기술이 많이 보이는데 흥미진진합니다 삼성은 선두주자AI 오피스라이프 앞으로 기대가 됩니다,2024-01-31 06:34:22,LABEL_1
@user-oj4uc8sp2w,삼성SDS의 생성형 AI 서비스가 앞으로도 더욱더 기대가 되빈다 우리가 살아가는 이시대에 AI는 뗄레야 뗄수 없는 시대인데 삼성이 만든 기술 세계적으로도 앞으로도 더더욱 인정 받기를 바랍니다,2024-02-29 06:34:22,LABEL_1
@user-nv9hs4nb2b,삼성SDS의 AI 기술 전세계에 인증 받고 널리 이용되길 응원합니다,2024-02-29 06:34:22,LABEL_0
@user-ui3yt6lh5r,생성형 AI 기술의 발전으로 앞으로 얼마나 다양한 활동들을 할 수 있는지 궁금하고 기대도 됩니다,2024-02-29 06:34:22,LABEL_0
@rookiek9754,이래라 저래라 이랬다 저랬다 깜박 꿈뻑 뽜샤 퐈와아아아아브릭스 부뤼튀 귀욥,2024-01-31 06:34:22,LABEL_2
@user-fl3dj1uw3w,삼성SDS 생성형 AI 서비스   를 통해  더욱   좋은 서비스     로  우리 고객들의 많은    사랑받기를    응원합니다,2024-02-29 06:34:22,LABEL_1
@user-xx2yj2yz2c,삼성SDS 생성형 AI 시대에 역동적인 드라마틱한 기후변화 시스템이 기대가 됩니다얼마나 더 편해질지 상상은 안가지만 삶의 질이 확 달라질꺼같습니다광고의 효과가 톡톡하네요 너무 멋져요 편집자 상줘야겠어여 2024 갑진년 청룡의해언제나 변함없는 따뜻한 사랑으로 많은 분들에게 즐거움과 함께 힐링을 주는 공간으로 거듭나길 바랄게요앞으로도 우리 꽃길만 걷기를 응원합니다 구독자와 소통하는 장을 만들어주세여다가가 전통을 오래도록 함께 이어갔으면 좋겠습니다,2024-01-31 06:34:22,LABEL_1
@860K1,머지 않아 일상이 될 생성형 AI 삼성SDS를 통해 볼수 있다는게 너무 좋은거 같습니다,2024-02-29 06:34:22,LABEL_1
@dongsunlee602,디지털세계를 선도할 삼성SDS 생성형 AI가 앞으로도 더욱더 기대됩니다,2024-02-29 06:34:22,LABEL_1
@user-vj3op8dj5e,삼성SDS 생성형 AI 서비스 응원합니다 화이팅 ,2024-02-29 06:34:22,LABEL_1
@user-mr5sr6vj2p,삼성 SDS 항상 응원하겠습니다 무궁무진한 발전을 기원합니다 화이팅하세요,2024-03-31 06:34:22,LABEL_1
@user-ex4jw2or2g,위트있는 광고와 삼성의 만남으로 시너지가 더해진 멋진 광고네요 삼성SDS 화이팅입니다,2024-02-29 06:34:22,LABEL_1
@taehyeonkim6504,CES 2024와 MWC 2024의 최대 화두가 생성형 AI에 기반한 AI 기술이었듯이 디지털 경제가 심화되면서 AI에 대한 관심과 함께 꾸준한 기술 발전이 이루어질 전망인데요 AI시대 오피스라이프 영상을 보니 영화에서나 있을 법한 흥미진진한 일들이 이젠 현실이 되어가고 있는 느낌입니다 앞으로도 삼성SDS가 선도하는 AI 기술로 기업 업무의 Hyperautomation을 현실화하는 다양한 생성형 AI 서비스를 선보여주시길 기대하며 더 나은 미래를 향한 삼성SDS의 힘찬 발걸음과 건승을 늘 응원하겠습니다,2024-02-29 06:34:22,LABEL_0
@user-jj5mb2dh1w,삼성SDS 생성형 AI 서비스 정말 멋지고 앞으로 더 기대가 됩니다 항상 응원합니다,2024-01-31 06:34:22,LABEL_1
@qkdrnxksff,삼성SDS 생성형 AI 서비스를 통해서 디지털 혁신의 선두주자로 도약하길 진심으로 기원하며 힘차게 응원하겠습니다,2024-01-31 06:34:22,LABEL_1
@happyon6703,삼성SDS의 혁신적인 AI 패브릭스 영상 흥미롭게 잘보았습니다 앞으로도 다양한 콘텐츠와 소식으로 활발한 소통을 기대할게요 언제나 응원합니다 ,2024-01-31 06:34:22,LABEL_1
@yun5723,못하는게없는 모두에게 만능 생성형 AI 믿음직한 삼성 SDS와 함께하겠습니당,2024-02-29 06:34:22,LABEL_1
@user-dr9tk3mh1d,심장이 쿵쿵쿵 두근두근  기대감이 마구 생기네요  삼성SDI와 함께 열어갈 생성형AI와 함께 할 미래가 기대됩니다,2024-01-31 06:34:22,LABEL_1
@lizya1970,삼성SDS 생성형 AI 서비스 응원합니다정말 놀라운 세상이 우리앞에 펼쳐지네요,2024-02-29 06:34:22,LABEL_1
@user-kb7sg6lo6d,응원합니다 감사합니다 화이팅 언제나 기도하겠습니다 좋은날이 많을거예요 힘내자고요 아자아자,2024-02-29 06:34:22,LABEL_1
@OriOriMan,삼성SDS의 AI 기술 너무 기대됩니다  삼섬SDS 앞으로 힘차게 응원하겠습니다 ㅎ,2024-02-29 06:34:22,LABEL_1
@user-mf1or7yb3e,말만하면 다되는 그런 세상 펼처지는군요AI능력 어디까지 AI시대 우린 무엇을 해야 할까요 정말 기대 됩니다,2024-02-29 06:34:22,LABEL_0
@user-qf4mr7ds1k,빠르게  편리한정보  Al오피스  라이프  스타일   업무  처리를 할수있어  경쟁력  멋지네요 ,2024-02-29 06:34:22,LABEL_1
@dohyun6584,영상에 위트가 많아 잼있게 봤어요 AI기술도 역시 삼성이네요 크으 앞으로의 AI오피스라이프 기대가 됩니다화이팅,2024-01-31 06:34:22,LABEL_1
@ko-ip8zc,생성형 AI 이랬다저랬다해도 당연하다는 너무 좋은데요 완전 개인비서가 있는 느낌 내가 꼭 회장님이 된 느낌 앞으로 이런시대가 펼쳐진다니까 엄청 설레고 기대됩니다 좀 편해지는 시대 좀 여유로운 시대 기대해볼게요 삼성 SDS 생성형 AI 최고의 기술력  늘 응원하겠습니다 ,2024-02-29 06:34:22,LABEL_1
@jokh8109,아무리 복잡한 시스템과 데이터라도 심플하게 연계하는 패브릭스 기대가 크고 영상 멋짐 뿜뿜,2024-02-29 06:34:22,LABEL_1
@user-yp9dz9qf9p,말하는 대로 다 이루어지는 세상 삼성SDS 생성형 AI 서비스 정말 기대되는 세상입니다,2024-02-29 06:34:22,LABEL_1
@지유나,생성형 AI를 주도할 삼성SDS의 다양하고 재밋는 이야기들로 많은 분들이 찾는곳이 되길 바랄게요,2024-01-31 06:34:22,LABEL_0
@abyssalvoyage,이 광고 영상을 보고 정말 현대 사회에서 AI의 중요성을 다시 한번 느꼈습니다  AI 기술이 사람들의 일상과 업무에 얼마나 큰 영향을 미치고 있는지 잘 보여주는 영상이었어요 특히 다양한 요구사항을 빠르고 정확하게 처리하는 AI의 능력에 감탄했습니다 10년치 매출 정리부터 비건식당 추천 실험 데이터 정리까지 AI가 다양한 분야에서 활약하는 모습을 보니 정말 놀랍더군요 무엇보다 이 영상이 보여주는 건 AI가 단순한 기계적인 업무를 넘어서 인간의 삶을 더 풍요롭고 효율적으로 만들 수 있다는 점이었습니다 삼성 SDS의 AI 서비스를 통해 우리 생활이 얼마나 편리해질 수 있는지 생각하니 기대가 큽니다 이처럼 AI 기술의 발전은 우리의 삶을 어떻게 바꿀지 상상하는 것만으로도 흥미롭습니다 앞으로 AI가 우리 삶에 더 많은 혜택과 변화를 가져다줄 것으로 기대됩니다  김기현 성우님은 AI 아니죠,2024-02-29 06:34:22,LABEL_1
@jiyeon14365,요즘 AI기술이 많이 보이는데 흥미진진합니다 삼성은 선두주자AI 오피스라이프 앞으로 기대가 됩니다 설레어용,2024-01-31 06:34:22,LABEL_1
@hyunrae56,삼성SDS의 직원 여러분의 열정과 노력이 더욱 빛나는 미래를 만들어갈 것이라 응원합니다,2024-02-29 06:34:22,LABEL_1
@chunchae,불과 얼마전만 해도 꿈같은 얘기였는데 이런 세상이 왔군요 벌써 ㅎㅎ 대단합니다,2024-01-31 06:34:22,LABEL_1
@seimyungchang7804,생성형 AI 도입으로 생산성 향상 등 디지털 혁신의 가능성을 직접 보여준 삼성SDS의 무한질주를 응원합니다 기업 업무의 Hyperautomation을 현실로 실현하는 삼성SDS의 다양한 생성형 AI 서비스가 기대됩니다 많은 분들에게 도움이 될 것입니다 항상 응원하겠습니다 삼성SDS 구독  좋아요  알림설정완료  앞으로도 다양한 정보와 소식으로  많은 분들과 소통하며 사랑가득 받으시길 진심으로 바라며 응원드립니다 풍성하고 여유롭고 즐겁고 행복하길 진심으로 응원드립니다 ,2024-02-29 06:34:22,LABEL_1
@mingmings.0903,점점 생각하고 꿈만 꾸던 현실이 하나씩 눈앞으로 가다오는 기분이네요,2024-02-29 06:34:22,LABEL_1
@ericlee4007,삼성SDS 유튜브 채널 구독합니다 유익한 정보 많이 공유 부탁드립니다감사합니다,2024-02-29 06:34:22,LABEL_1
@user-gg3db3dk3v,AI시대 기대되네요 삼성과 함께하는 AI시대 완전 기대되네요,2024-02-29 06:34:22,LABEL_1
@user-mu1nz5fw6l,삼성SDS의 생성형 AI 서비스를 통해서 우리의 삶이 편리해지고 개선되는 부분이 너무 기대됩니다특히 기업과 관련된 다양한 서비스는 기업의 생산량과 효율을 극대화 시킬거 같아 더욱 관심이 가네요,2024-02-29 06:34:22,LABEL_0
@jeonghoji,생성형 AI가 삶을 어떻게 변화 시키고 변경 될지 기대됩니다 생성형 AI 시대에 삼성SDS와 함께 기대하며 응원합니다,2024-02-29 06:34:22,LABEL_1
@user-st1js6gu7z,광고를 보니 신나고 재미 있는 회사 생활이 기대 됩니다,2024-01-31 06:34:22,LABEL_1
@KIMJUNGHWA100,신나는 노래 좋아요  앞으로의 AI오피스 라이프 응원합니다,2024-01-31 06:34:22,LABEL_1
@user-dm2er2iw6d,격변하는 AI 시대에 살고 있어서 흥미진진하네요 기대됩니다,2024-01-31 06:34:22,LABEL_1
@jadelee12345,요즘 AI 기술이 여기 저기 많이 보이더라구요 저도 관심을 가지고 있는데 역시 삼성은 여기서도 선두주자시군요항상 사람들을 위해 좋은 기술을 선보이는 삼성믿음직합니다 멋진 영상도 잘 봤습니다 감사합니다 꾸벅,2024-01-31 06:34:22,LABEL_1
@user-oo1kq9hk5m,AI시대가 오고 있네요세상이 너무 빨리 변화되어정신이 없습니다,2024-01-31 06:34:22,LABEL_2
@yschoi8547,요즘 라이프나 일상생활에서 AI가 안되는 곳이 없어요더욱 발전이 되어 전세계 사람들의 생활이 편리해지면 좋겠어요,2024-02-29 06:34:22,LABEL_0
@binglyeolmun,삼성SDS 생성형 AI 브랜드 필름을 통해 AI시대 오피스라이프가 만들어 낼 일상의 변화를 다양한 분야와 상황에서 미리 엿볼 수 있네요삼성SDS AI시대 오피스라이프와 인간이 함께 만들어 갈 더 스마트하고 효율적인 라이프를 기대해요,2024-01-31 06:34:22,LABEL_1
@wiltordpires5027,AI시대를 선도해나갈 삼성SDS 역시 삼성이 하면 다릅니다,2024-02-29 06:34:22,LABEL_0
@user-dq5zj1nu7l,삼성 SDS의 AI  시대가 기대가됩니다AI가 대세인   시대에 앞선 삼성SDS 응원합니다 ,2024-02-29 06:34:22,LABEL_1
@user-hh8gk2mx5c,영상에 위트가 많아서 기분 좋게 봤어요 ㅎㅎ ai기술도 역시 삼성이네요,2024-01-31 06:34:22,LABEL_1
@reagoreago,삼성SDS와 함께 펼쳐질 AI 패브릭스 기대됩니다 ,2024-02-29 06:34:22,LABEL_1
@chankyuchoi6136,AI를 통해 새로운 세상이 열려 더욱더 기대가 되네요 삼성 SDS AI를 통해 더욱 발전된 미래가 다가오는거 같네요 혁신적인 삼성SDS의 기술로 세계 최고로 발돋음하는 그날이 멀지 않은거같습니다 세계를 제패할 그날까지 열심히 응원하겠습니다,2024-02-29 06:34:22,LABEL_1
@HyKi-mo6vr,삼성SDS의 앞길을 두손모아 응원하고 또 응원하겠습니다,2024-02-29 06:34:22,LABEL_1
@suckmin3658,음악이 신나서 영상 잼있게 잘 봤어요 역동적으로 변화하는 오피스라이프 너무 기대가 됩니다 삼성 SDS 화이팅,2024-01-31 06:34:22,LABEL_1
@politemean,우리의 삶에 밀접하게 다가온 AI 삼성이 멋지게 다듬어 주길,2024-01-31 06:34:22,LABEL_0
@hwny0914,AI시대를 이끄는 삼성 SDS 응원합니다,2024-02-29 06:34:22,LABEL_1
@twobabypapa,삼성의 기술력과 AI의 만남이 이렇듯 멋진 시너지효과를 보여주네요멋진 매니저가 생긴듯합니다 ㅎ앞으르 얼마나 더 진보된 기술력을 보여줄지 기대됩니다,2024-01-31 06:34:22,LABEL_1
@jhyson9447,삼성SDS  AI시대 오피스라이프  앞서가며 선두해가는 서비스 응원해요,2024-01-31 06:34:22,LABEL_1
@dongleD2016,AI의 시대 삼성SDS와 함께 즐거운 회사생활 하고싶어집니다 ,2024-02-29 06:34:22,LABEL_1
@jpsal99,삼성 SDS의 AI  기대 기대 됩니다 모든 생활에 AI가 녹아드는 시도 기대되요,2024-02-29 06:34:22,LABEL_0
@eunjoung3856,영상 너무 잘 봤어요 AI시대에 대한 새로운 가능성을 제시해주는 흥미롭고 기대가 되는 영상이였어요화이팅,2024-01-31 06:34:22,LABEL_1
@elohkobe,삼성SDS가 혁신의 선두주자로 더욱 큰 도약을 이루는 한 해가 되기를 기대합니다변화하는 시대에 발맞춰 새로운 도전을 통해 성장하고 사회에 기여하는 기업으로 더욱 발전해 나가기를 응원합니다,2024-02-29 06:34:22,LABEL_1
@glasssea4441,생동감 넘치는 영상 역시 삼성답네요AI시대 삼성SDS가 선도하는 기업이되길 응원합니다,2024-02-29 06:34:22,LABEL_1
@user-rn9os1eg8v,점점 좋아지는 세상이네요 말로 이래라 저래라도 가능하다니 실생활에 잘 활용될듯하네요,2024-02-29 06:34:22,LABEL_1
@chunseokoh582,삼성SDS 생성형 AI 시대 개막상상속 이야기가 이제 현실이 되는 것을 우리가 목격하고 있어요이제 인류의 역사가 이제 AI시대에 진입하는 건가요,2024-02-29 06:34:22,LABEL_0
@user-cw3jx8by6f,역동적인 화면 구성이 노래와 어우러지며 AI의  세상을 잘 표현한 것 같아서 재밌게 봤습니다,2024-02-29 06:34:22,LABEL_1
@user-su3un8nn7t,영상 노래 음량 레파토리 4박자가 짝짝 멋쩌요이벤트 참여완료항상 재밌고 유익한 이벤트와선물 감사합니다이벤트 기획하시는 담당자분들 쎈스쟁이 굿입니다이벤트 준비및 기타 어렵고 힘들지만 화이팅입니다 ,2024-02-29 06:34:22,LABEL_1
@sangmilee3427,역동적으로 변화하는 오피스라이프가 기대되는 광고네요,2024-01-31 06:34:22,LABEL_1
@dayul1480,삼성SDS의 생성형 AI 서비스가 생활의 편리함을 어디까지 가져다줄지 정말 기대됩니다 응원합니다,2024-02-29 06:34:22,LABEL_1
@user-tg7kh1pu8c,삼성SDS가 기업 업무의 Hyperautomation을 현실로 실현하는 다양한 생성형 AI 서비스를 잘 보았습니다,2024-01-31 06:34:22,LABEL_1
@user-uj3qh6vo3j,멋지네요제가 꿈꾸는 세상을 실현하는 삼성SDS  번창하시길 응원합니다,2024-01-31 06:34:22,LABEL_1
@hhyykk,와 세상 진짜 좋아졌다ㅋㅋ 쟈비스가 진짜 생겨버렸넼ㅋㅋ,2024-01-31 06:34:22,LABEL_1
@hyungwookkim6368,생성형 AI로 삶의 질이 향상되길 기대합니다 삼성SDS 응원합니다,2024-02-29 06:34:22,LABEL_1
@병아리콩-z6w,생활속으로 점점 다가오고 있는 AIpc스마트폰에 탑재되어 활용도가 높아지고 있고 영역이 확장 되어가고 있네요혼자 생활해도 재미있고 어느 지역세계를 여행가도 도움을 받을수 있으니 AI의 생태계가 기대 됩니다,2024-01-31 06:34:22,LABEL_1
@youngc2494,생성형 AI로 생활에 큰변화를 주도하는 삼섬SDS의멋진 미래를 늘 응원합니다,2024-02-29 06:34:22,LABEL_1
@bjs8049,다양한 생성형 AI 서비스를 선보이는 삼성SDS의 놀라운 혁신 기대되네요,2024-02-29 06:34:22,LABEL_0
@its_spring,삼성SDS 생성형 AI 서비스 함께 응원합니다,2024-01-31 06:34:22,LABEL_1
@user-nq7ds3dh3e,삼성 SDS 생성형  Al 오피스 라이프 넘 기대돼요 영상 잘봤어요 응원합니다,2024-01-31 06:34:22,LABEL_1
@Kelly-lz2ux,생성형 AI시대 저도 삼성 SDS와 같이 시작해봅니다 삼성sds보유국으로 자랑스럽습니다,2024-08-10 06:34:22,LABEL_1
@user-mm5lf1sn2p,생성형 AI와 함께 할 가까운 미래가 너무 기대가 되네요 삼성SDS와 함께 희망을 꿈꿔보기를 바랍니다,2024-01-31 06:34:22,LABEL_0
@momo0623,AI가 대세 이번에 나온 갤럭시24 AI기능탑제로 많은 인기를 끌고있지요 특히 AI기능들이 일상생활에서 너무 유용하게 쓰이는것 같아요 이제 모두가 휴대폰에서 AI기능을 쓰는 날이 얼마 남지 않은듯해요 우리의  AI기술 아님 삼성의 AI기술에 깜짝놀랐어요 갤럭시24 통화어시스턴스는 정말 혁명이었어요 동시통역의 느낌이라니 삼성아니면 누가하겠어요 일상생활의 많은 부분에서 사용하고있는 사용될 AI삼성SDS와함께 세계제일의 AI기술이 더발전하길 응원합니다,2024-02-29 06:34:22,LABEL_1
@taemin2586,영상을 보니 신나고 재미있는 회사 생활이 기대가 됩니다 영상 너무 잘 봤어요 다가올 AI 오피스라이프가  설레입니다 화이팅,2024-01-31 06:34:22,LABEL_1
@zzazzala3,AI 시대가 우리의 일상을 변화시키고 있다는게 피부로 와 닿을정도로 기술이 빠르게 발전하고 있어요앞으로 AI가 얼마나 우리를 더 놀라가 할지 기대가 됩니다,2024-02-29 06:34:22,LABEL_1
@dongsu3857,영상에 위트가 많아 잼있게 봤어요 AI기술도 역시 삼성이네요 크으 앞으로의 AI오피스라이프 기대가 됩니다화이팅,2024-01-31 06:34:22,LABEL_1
@miuccia116,삼성SDS 유튜브 구독완료참여완료AI시대 오피스라이프  Welcome to AI Life  삼성SDS 생성형 AI 브랜드 필름잘 봤어요이제 삼성SDS가 지금까지 집약한 AI 기술과 고객 업종에 대한 깊은 이해를 바탕으로 기업 업무의 Hyperautomation을 현실로 실현하는 다양한 생성형 AI 서비스를 선보입니다완전 기대되요널리 알릴게요자주 들러 좋은 정보 많이 얻어갈게요든든한 동반자가 되어주실거죠,2024-01-31 06:34:22,LABEL_1
@minyoung4896,신나는 노래덕분에 영상 잘 봤어요 앞으로의 AI오피스 라이프 기대됩니다,2024-01-31 06:34:22,LABEL_1
@shinhye_0927,광고가 너무 신나서 잼있게 잘 봤어요 역동적으로 변화하는 오피스라이프 너무 기대됩니다,2024-01-31 06:34:22,LABEL_1
@user-px5wj7ki4s,기업 업무의 Hyperautomation을  다양한 생성형 AI 서비스로 현실로 실현하는 삼성SDS 생성형 AI 서비스 많은 분들에게 도움주고 사랑많이 받길 바라며 응원합니다 화이팅,2024-02-29 06:34:22,LABEL_1
@user-ts1ip7wh4k,삼성SDS 생성형 AI시대 효율적인 업무로 더욱 더 일할 맛이 날것 같아요삼섬SDS의 앞날은 꽃길만 찾아오겠어요,2024-02-29 06:34:22,LABEL_1
@kimjaeheon,이거 엄청난 솔루션이네요,2024-01-31 06:34:22,LABEL_1
@user-bt2zx4si6m,삼성SDS 생성형AI로  편리해질 오피스라이프 기대하고 응원합니다,2024-01-31 06:34:22,LABEL_1
@taeho4273,격변하는 AI시대에 살고 있다는 게 흥미진진합니다 영상 너무 잘 봤구요 앞으로의 미래가 기대됩니다,2024-01-31 06:34:22,LABEL_1
@user-ir6nq2yn5q,삼성SDS 생성형 AI 서비스 응원합니다,2024-02-29 06:34:22,LABEL_1
@user-kk7tn4dz5q,광고가 재밌네요AI시대의 라이프가 기대됩니다,2024-01-31 06:34:22,LABEL_1
@jarowjo,삼성SDS의 새로운 기능을 알수 있어서 좋은 영상이네요 응원합니다,2024-02-29 06:34:22,LABEL_1
@hyunwookkim372,삼성 SDS가 열어갈 AI 시대가 벌써부터 기대되는건 저뿐일까요,2024-02-29 06:34:22,LABEL_0
@chldls14,영상 잘보고 갑니다구독하고 갑니다삼성SDS  응원합니다,2024-02-29 06:34:22,LABEL_1
@user-fq5bs8ge7s,처진 달팽이의 말하는 대로라는 노래가 영상을 보며 떠올랐어요정말로 말하는 대로 뭐든지 찾아주고 이뤄줄 것 같은 삼성SDS AI시대 오피스라이프rk 만들어 갈  말하는 대로 마음먹은 대로 생각한 대로 세상을 가슴 뛰며 기대하게 만들어요,2024-01-31 06:34:22,LABEL_1
@ssory_i,진짜 AI로 너무 편한 세상이 열리게 되니 기대가 됩니다 삼성SDS 많은 소식 알려주세요,2024-02-29 06:34:22,LABEL_1
@alphabat79,광고를 보니 신나고 재미 있는 회사 생활이 기대 됩니다,2024-01-31 06:34:22,LABEL_1
@tempt08,다가오는 AI시대에서 삼성SDS의 다양한 활동을 응원합니다,2024-02-29 06:34:22,LABEL_1
@user-sx1ve7tp6y,삼성이 AI 기술에서 앞서나가는 느낌이 드네요 대한민국 기업인게 정말 자랑스럽습니다 ㅎㅎ,2024-02-29 06:34:22,LABEL_1
@user-lh7jc6mq6b,격변하는 AI시대에 살고 있다는 게 흥미진진합니다 영상 너무 잘 봤구요 앞으로의 미래가 기대됩니다,2024-01-31 06:34:22,LABEL_1
@user-ox3vv6nd1k,영상처럼 꿈에 그리는 오피스생활이 되었으면 좋겠네요 ㅎㅎ,2024-01-31 06:34:22,LABEL_0
@namwhang,삼성SDS의 생성형 AI시대 정말 기대됩니다 언제나 응원합니다,2024-02-29 06:34:22,LABEL_1
@user-zr4jv6wo2x,빨리빨리로 구분되어 지는 대한민국의 현실에 작은 쉼표 하나 찍GO친구들 함께 그것이 주는 힐링을 경험하고 말꺼예요 지금도 잘 하고 있어요앞으로도 잘 할 수 있을테니함께 라면 할수 있죠 우리 라면 할수 있죠우리 모두 힘을 합해이 어려운 시기를 서로 도우며 잘 극복했으면 합니다 힘든 이들 이 없는지주변을 살피고 위로와 도움의 손길로 함께 가즈아,2024-01-31 06:34:22,LABEL_1
@rjdong5417,와 재미있네요 간만에 광고 영상 끝까지 봤어요 ,2024-01-31 06:34:22,LABEL_1
@user-ni4ke9zj5i,AI시대에 살고잇다는게 즐겁네요 앞으로기대가 많이됩니다,2024-02-29 06:34:22,LABEL_1
@dearjeong-,뻔뻔해지고 이랬다 저랬다하고 깜빡도 하고영상 넘 재밌었어요 생성형 AI 시대 넘 기대됩니다,2024-02-29 06:34:22,LABEL_1
@mimisong23,이제 삼성 SDS의 생성형 AI 서비스로 회사에서 정말 중요한 일에 집중하고 노가다업무는 AI에게 믿고 맡기렵니다,2024-02-29 06:34:22,LABEL_1
@user-pj4ug7vh9w,보면볼수록 신기하네요자주 둘러보겠습니다,2024-02-29 06:34:22,LABEL_1
@daenggi83,삼성 SDS의 생성형 AI사업 응원합니다 ㅎㅎ,2024-01-31 06:34:22,LABEL_0
@hrimmanoscan,AI를 선도하는 삼성 역시 세계 1등은 괜히 1등이 아니죠 최고의 삼성을 응원합니다 아자,2024-01-31 06:34:22,LABEL_1
@user-pt7fh6em2h,확 와닿는 광고입니다 너무 잘 만들었어요,2024-01-31 06:34:22,LABEL_1
@user-wn9di5cr3u,삼성SDS의 AI서비스 기대됩니다,2024-01-31 06:34:22,LABEL_1
@sdsbim,AI시대의 오피스 라이프,2024-01-31 06:34:22,LABEL_1
@changminok5395,삼성SDS가 항상 많은 분들에게 큰 사랑 받길 응원합니다,2024-02-29 06:34:22,LABEL_1
@user-fl8tq3vl4v,발전하는  AI 기술   편리해질 오피스 라이프 기대하며  영상  간만에  재밌게 보았습니다 ,2024-01-31 06:34:22,LABEL_0
@user-wb4ms3wt3o,이번 영상 시청하면서 삼성SDS 생성현 AI가 앞으로 우리삶에 어떻게 적용될지 영상을 통해 알려주셔서 너무 감사드리고 어떤 기술력이 펼쳐질지 너무 궁금해집니다 앞으로 발전될 AI기술과 삼성sds Sds 기술 기대하겠습니다,2024-01-31 06:34:22,LABEL_0
@user-lj2py4cc6u,앞으로의 AI오피스 라이프 응원합니다,2024-02-29 06:34:22,LABEL_1
@user-bi4jt7ls1c,삼성SDS의 AI시대 오피스라이프 잘 봤어요 볼수록 신비하고 새로운 세상에 빠져들며 편한 생활을 이어가는 행복한 스토리가 마음을 사로잡네요 세련된 영상미에 감각적인 음악이 함께해서 한편의 멋진 영화 예고편을 보는 것 같았어요 앞으로도 많은 관심과 사랑 속에 크게 발전하길 바라며 응원할게요,2024-02-29 06:34:22,LABEL_1
@leesuyeon0225,격변하는 AI시대에 살고 있다는 게 흥미진진합니다 영상 너무 잘 봤구요 앞으로의 미래가 기대됩니다,2024-01-31 06:34:22,LABEL_1
@user-wo6yj5dv6s,앞으로의 AI오피스 라이프 응원합니다,2024-02-29 06:34:22,LABEL_1
@user-nf1wn1gh3q,앞으로의 AI오피스 라이프 응원합니다,2024-02-29 06:34:22,LABEL_1
@user-km6qg5rm6v,앞으로의 AI오피스 라이프 응원합니다,2024-02-29 06:34:22,LABEL_1
@user-ww6eh7lb5i,앞으로의 AI오피스 라이프 응원합니다,2024-02-29 06:34:22,LABEL_1
@user-mi7mp2il8y,앞으로의 AI오피스 라이프 응원합니다,2024-02-29 06:34:22,LABEL_1
@user-wd9zr6co8e,앞으로의 AI오피스 라이프 응원합니다,2024-02-29 06:34:22,LABEL_1
@user-ch8fz4yy3t,앞으로의 AI오피스 라이프 응원합니다,2024-02-29 06:34:22,LABEL_1
@rainy_day365,삼성SDS 생성형 AI 브랜드 필름은 AI 시대에 대한 새로운 가능성을 제시해주는 흥미로운 영상이었습니다AI 기술이 우리의 삶을 어떻게 변화시킬 것인지 기대하게 되네요,2024-01-31 06:34:22,LABEL_0
@user-hj5no1gx6t,광고 너무 매력있어요ㅎㅎ오피스라이프가 기대 됩니다,2024-01-31 06:34:22,LABEL_1
@Jaemin1004,AI시대 오피스라이프에 대한 이야기가 공감이 되고 흥미로움과 영상미가 좋고 내용이 유용해서 더 특별하고 좋네요 앞으로도 다양한 컨텐츠 기대하고 응원해요,2024-01-31 06:34:22,LABEL_1
@redbong24,빠름빠름빠름 광고 넘 재밌어요 AI시대 삼성SDS 덕분에 생활이 더 즐거워집니다,2024-02-29 06:34:22,LABEL_1
@doyun76175,좋은 영상 잘 봤어요 노래가 너무 신나고 좋네요 AI와 공존하는 오피스라이프 기대가 됩니다 화이팅,2024-01-31 06:34:22,LABEL_1
@dojun7616,좋은 영상 잘 봤어요 노래가 너무 신나고 좋네요 AI와 공존하는 오피스라이프 기대가 됩니다,2024-01-31 06:34:22,LABEL_1
@user-th7oy7vb3i,새로운 AI 시대를 열어줄 삼성SDS의 앞날을 응원합니다  우리나라 최고의 기업 자랑스러워요  ,2024-02-29 06:34:22,LABEL_1
@durianseller,저희 회사도 코파일럿 도입 좀 했으면,2024-01-31 06:34:22,LABEL_0
@user-gc2ck6fx2j,AI 시대의 삼성SDS의 행보를 진심으로 응원합니다,2024-02-29 06:34:22,LABEL_0
@user-fh8th3vw4t,삼성SDS 생성형 AI 서비스 로 아무리 발전 하는 AI보다 명령을 과감없이 나에게 맞춤으로 내리는 인간의 존재가 우선순위 되는 세상을 만들어 나가겠네요  LLM과 데이터 생성형 AI에 항상 수식어처럼 따라다니는 파인튜닝과 프롬프트 엔지니어링뿐만 아니라 생성형 AI의 기반이 되는 클라우드와 GPU 인프라 등 모든 것들이 준비되고 보안까지 완벽 하게 해둬야 AI가 보다 활성화 될텐데 삼성SDS 생성형 AI 서비스는 이모든것을 한번에 하여 고객이 어디있든맞춤으로 지원해주니 최고의 한해를 만들수 있을것 같아요 ,2024-02-29 06:34:22,LABEL_1
@TV-fb1vs,미래가 성큼 다가오고 있음을 느낍니다 그 중심에 삼성 SDS가 있습니다 너무 놀랍고 기대됩니다 ,2024-02-29 06:34:22,LABEL_1
@user-lz4eu8gy7o,앞으로의 AI오피스 라이프 응원합니다,2024-02-29 06:34:22,LABEL_1
@user-vn5ko9ds8u,앞으로의 AI오피스 라이프 응원합니다,2024-02-29 06:34:22,LABEL_1
@minji42745,좋은 영상 잘 봤어요 노래가 너무 신나고 좋네요 AI와 공존하는 오피스라이프 기대가 됩니다,2024-01-31 06:34:22,LABEL_1
@user-jp2zn9go4n,삼성 SDS 앞으로 쭈욱 대박행진하세요늘 응원할게요,2024-02-29 06:34:22,LABEL_1
@user-oz4rb4tu1s,삼성SDS 생성형 AI서비스 응원합니다 화이팅 ,2024-02-29 06:34:22,LABEL_1
@inho79135,영상을 보니 신나고 재미있는 회사 생활이 기대가 됩니다 영상 너무 잘 봤어요 다가올 AI 오피스라이프가  설레입니다,2024-01-31 06:34:22,LABEL_1
@minimalangela,꿈과 무한대의 가능성을 이뤄주는 AI 시대가 기대되요AI NEW ERA 패스파인더 삼성 SDS 파이팅,2024-01-31 06:34:22,LABEL_1
@user-mf8sf1tg8f,생성형 AI 시대가 도래 헸네요 삼성 SDS의 역할 기대됩니다,2024-02-29 06:34:22,LABEL_0
@user-ie7ww2mm1b,벌써 이런세상이 오다니 앞으로의 무궁한 발전도 기대되네여,2024-02-29 06:34:22,LABEL_1
@user-mi8vn4ui8r,걱정과 기대가 뒤섞인 미래가 가까워오네요 두근두근합니다,2024-02-29 06:34:22,LABEL_1
@hyeeun4576,회사생활도 똑똑하게 할 수 있는 시대가 왔군요 두둥 영상 너무 잘 봤어요,2024-01-31 06:34:22,LABEL_1
@kim-vr4qu,AI시대 오피스라이프 메인 편  Welcome to AI Life  삼성SDS 생성형 AI 서비스구독자  2만명 축하합니다  앞으로 실버버튼 받는 그날까지  쭉 달려 보 시죠 ,2024-06-30 06:34:22,LABEL_1
@VIPSlab,완료하였습니다 Samsungsds AI 기대됩니다,2024-02-29 06:34:22,LABEL_1
@sbsaranyu2282,Welcome to AI Life  성SDS 생성형 AI 서비스 기대되요 이젠 정말 다양한 곳에서 쓰이는데 누워서 일할수 있으면 참 좋겠네요 비건식당 찾기 오케이,2024-02-29 06:34:22,LABEL_1
@hdyeom7,삼성SDS의 생성형 AI 서비스는 업무의 Hyperautomation을 현실로 만들어내는데 정말 기대돼요,2024-02-29 06:34:22,LABEL_1
@harrycarry,삼성SDS의 생성형 AI 서비스가 앞으로 우리의 일상을 어떻게 바꿔나갈지 무척 기대됩니다,2024-02-29 06:34:22,LABEL_0
@eunmi3527,신나는 노래덕분에 영상 잘 봤어요 앞으로의 AI오피스 라이프 기대됩니다 화이팅,2024-01-31 06:34:22,LABEL_1
@naeun58795,역동적으로 변화하는 오피스라이프가 기대되는 영상이예요 너무 잘 봤습니다,2024-01-31 06:34:22,LABEL_1
@user-kn1iq3up9w,광고가 참좋네요,2024-01-31 06:34:22,LABEL_1
@dongmin5437,영상에 위트가 많아 잼있게 봤어요 AI기술도 역시 삼성이네요,2024-01-31 06:34:22,LABEL_1
@user-rn9os1eg8v,일상생활에서도 접목 가능하네요 요리하고있을때나 육아중일때도 유용할듯합니다,2024-02-29 06:34:22,LABEL_1
@user-sj8mr5kl9w,좋아요 힘내세요 기운내세영 화이팅 으쌰으쌰 응원합니당,2024-02-29 06:34:22,LABEL_1
@chungda5779,AI시대에 삼성SDS와 함께 할수 있어 정말 기쁨니다유익한 정보들 많이 알려주세요,2024-02-29 06:34:22,LABEL_1
@jerrychung74,AI시대 오피스라이프 메인 편  Welcome to AI Life  삼성SDS 생성형 AI 서비스 20000 구독자 축하합니다,2024-06-30 06:34:22,LABEL_1
@Soyanni2Salsa,삼성의 생성형AI 기대가 됩니다 최고네요,2024-02-29 06:34:22,LABEL_1
@user-hf1vz3uw3p,삼성 SDI의 AI 기대됩니다 응원합니다 영상 재미있게 잘 보았습니다,2024-02-29 06:34:22,LABEL_1
@minjoung3184,회사생활도 똑똑하게 할 수 있는 시대가 왔군요 두둥 영상 너무 잘 봤어요 앞으로의 미래가 기대가 됩니다,2024-01-31 06:34:22,LABEL_1
@ferumina0730,자알 보구 갑니다진심을 담아 응원합니다 화이팅,2024-02-29 06:34:22,LABEL_1
@hyeonsookim,AI 와 함께 All 뉴 라이프 삼성 sds와 함께 하겠습니다 ,2024-01-31 06:34:22,LABEL_1
@zudmarin2,삼성SDS와 함께할  생성형 AI 서비스의 시대가 더욱 기대가 되네요 생성형 AI 서비스에 대해 막연히만 알고 있었는데 이해하기 쉽게 자세히 설명해주셔서 감사합니다 유용한 정보 얻고 가네요,2024-02-29 06:34:22,LABEL_1
@juuikim1451,삼성SDS생성형 AI 브랜드 필름을 보고 있으니 달라질 나의 오피스라이프가 정말 기대가 되네요응원합니다,2024-01-31 06:34:22,LABEL_1
@user-qz4hy3qr5h,광고 아이디어도 컨셉도 매력있게 잘 만들었네요,2024-02-29 06:34:22,LABEL_1
@user-eu1pk8rg1b,삼성 sds AI시대가 이제시작되는거같습니다,2024-02-29 06:34:22,LABEL_1
@user-ly8np8ul7q,AI시대를 주도할 삼성SDS AI의 역할이 정말 기대 됩니다,2024-02-29 06:34:22,LABEL_0
@kimhana73,Al시대 기대됩니다 삼성은믿을만합니다 응원합니다 잘되시길바래요,2024-02-29 06:34:22,LABEL_1
@XiaKaka,생성형 AI 시스템이면 내가 해야할 것들을 옆에서 도와주는거 같아 좋은거 같아요,2024-02-29 06:34:22,LABEL_1
@user-xd7gu5hj8i,오피스 라이프가 곧 멀지 않았네요너무나 기대가 큽니다,2024-01-31 06:34:22,LABEL_0
@jieun13885,영상 너무 잘 봤어요 AI시대에 대한 새로운 가능성을 제시해주는 흥미롭고 기대가 되는 영상이였어요,2024-01-31 06:34:22,LABEL_1
@kanghana123,젊은 세대에 뒤쳐지지 않도록 열심히 배워야겠어요,2024-01-31 06:34:22,LABEL_0
@two556,삼성에스디에스 ai 혁신에 앞장서다화이팅,2024-01-31 06:34:22,LABEL_0
@user-xq3fq9qt6j,삼성SDS 유튜브 구독과 좋아요 알림설정완료 기업 업무의 Hyperautomation을 현실로 실현하는 다양한 생성형 AI 서비스를 제공하는 삼성SDS 생성형 AI 서비스를 응원합니다,2024-02-29 06:34:22,LABEL_1
@user-by2wb9si8h,광고넘재밌어요앞으로도기대합니다응원드려요,2024-01-31 06:34:22,LABEL_1
@user-ji2qk3cd3d,AI가 실생활에 접목할수 있는 날이 다가온듯합니다기대되네요,2024-02-29 06:34:22,LABEL_0
@changyoung1,생성형 AI시대에 저도 함께 삼성 SDS와 아자아자,2024-02-29 06:34:22,LABEL_1
@jimin13896,다가오는 AI시대가 너무 기대가 됩니다 영상 너무 잘 봤어요,2024-01-31 06:34:22,LABEL_1
@myl5497,깜빡도 하고 꿈뻐거 졸아도 봅시다 생성형 AI는 그러라고 있는거니깐 생성형 AI START로 더 효율적인 더 생산적인 더 체계적인 일상 기대 많이 해볼게요 ,2024-01-31 06:34:22,LABEL_0
@ezreal4048,어 뭐야 생각보다 너무 잘 만들었네요 서비스 아주 기대가 됩니다 ,2024-02-29 06:34:22,LABEL_1
@user-bn5do8pw3m,회사 생활도 똑똑하게 할 수 있는 시대가 왔네요 ,2024-01-31 06:34:22,LABEL_1
@chani1147,생성형 AI시대 영상을 보니 더욱 기대되는거 같아요,2024-02-29 06:34:22,LABEL_1
@asura426,삼성SDS 생성형 AI 서비스 기대되네요  응원합니다 ,2024-01-31 06:34:22,LABEL_1
@rounlee4873,정교한 필터링으로 정말 너무나 많은 부정확하고 도움 안 되는 인터넷 세상에서 필요한 정보를 잘 찾아주는 AI 너무나 필요합니다요새 구글 검색도 예전같지 않고 노출광고는 너무 많고 사이트 자체적으로 제한이 있는 곳도 많네요한국어 뿐만 아니라 영어로 찾아봐도 양질의 정보는 왜이렇게 숨겨져 있어 여러번 찾게 만드는지 ㅎㅎ,2024-02-29 06:34:22,LABEL_2
@user-qz4hy3qr5h,광고 재미있게 잘 만들었네요 컨셉이 너무 좋았네요,2024-01-31 06:34:22,LABEL_1
@도로롱2,생성형 AI 서비스 좋아요 삼성 SDS 화이팅입니다,2024-02-29 06:34:22,LABEL_1
@user-zk1wy2ze5f,멋찐 영상과 AI 기대가 됩니다 굿이네요,2024-02-29 06:34:22,LABEL_1
@lovefamily.11,이시대에 이제는 필수가 되어가는 AI 시대 그 시대를 선도해가는 삼성을 응원합니다 ,2024-02-29 06:34:22,LABEL_1
@aslan339,AI 시대 오피스도 뻔뻔해져야지 삼성sds 가 또 한 번 앞서갑니다 ,2024-02-29 06:34:22,LABEL_0
@user-tl3zr5ib8q,삼성의 기술력은 정말 대단한거 같아요,2024-01-31 06:34:22,LABEL_1
@creamheun,AI 시대 역시나 삼성SDS에서 주도해야죠 힘차게 발걸음 내디뎌 봅시다 ,2024-02-29 06:34:22,LABEL_1
@ohmmansan,기대되는 ai시대 저도 같이 하고 싶어요,2024-02-29 06:34:22,LABEL_1
@salade90,다가올 생성형 AI 시대에  삼성 SDS의 활약이 무척 기대됩니다 ,2024-02-29 06:34:22,LABEL_0
@user-sv4oj7pj4b,삼성SDS AI서비스 최고,2024-02-29 06:34:22,LABEL_1
@user-yy7ev8bq3b,AI가 좋긴 좋네  누가 우리 사장님한테도 보여줬으면,2024-01-31 06:34:22,LABEL_0
@user-uu7yi9zd3r,지금만 해도 이정도의 성능인데 아직 학생이지만미래에 제가 일하게 될 회사에서는 얼마나 더 발전해 있을지 기대되네용 좋운쪽으로 많이 활용되는 것 같아 보는 재미가 있어요 화이팅하세요 ,2024-02-29 06:34:22,LABEL_1
@neofunky00,진짜 멋진 시대에 살고 있군요 우리는,2024-01-31 06:34:22,LABEL_1
@user-cx4mc1jd5t,삼성SDS 생성형 AI서비스 너무나 기대됩니다,2024-02-29 06:34:22,LABEL_1
@user-jv4ix2kg8w,역시 기술의 삼성SDS 응원합니다,2024-02-29 06:34:22,LABEL_1
@user-ku8oo5wo6p,우와 정말 좋네요  삼성SDS 생성형 AI 서비스 앞으로 더욱더 많은 분들과 함꼐 하길 바라요 파이팅,2024-02-29 06:34:22,LABEL_1
@hjk6057,일상에 적용된 AI라이프 너무 편리하고 더욱 발전하는 AI 기대가 되요,2024-02-29 06:34:22,LABEL_1
@dspark3481,한층 편리하고 쾌적해지는 생성형 AI시대가 진짜 기대됩니다,2024-01-31 06:34:22,LABEL_1
@YUN0088,삼성SDS가 실현하는 생성형 AI 서비스 정말 기대되네요,2024-02-29 06:34:22,LABEL_1
@user-dw7go2fd6h,역시나 삼성 SDS네요생성형 AI라대한민국은 물론 세계 일류기업답네요앞으로 더 발전할 신기술들 기대하고 응원할게요,2024-02-29 06:34:22,LABEL_1
@maralee235,AI의 선두주자  항상 응원합니다,2024-02-29 06:34:22,LABEL_1
@bangpo215,삼성SDS의 혁신적인 AI 패브릭스 영상 재밌게 시청했습니다,2024-02-29 06:34:22,LABEL_1
@crerian1,생성형AI 이제 AI가 대세인 시대에 살고있어요 시대의 흐름에 뒤쳐지면 안되죠,2024-02-29 06:34:22,LABEL_0
@seumter,이제는 스마트팜 농업이나 사업에도 무조건 AI가 적용되어야 한다 농업도 변해야 살아남을 수 있다,2024-02-29 06:34:22,LABEL_1
@haddooy77,역시 삼성 앞서가는 기술 너무나 멋지네요,2024-02-29 06:34:22,LABEL_1
@user-xg9mx3sx6d,삼성SDS 생성형 AI 서비스 응원합니다,2024-02-29 06:34:22,LABEL_1
@bumjunyoo1359,오 진짜 이렇게 되나요 그럼 우리 회사도,2024-01-31 06:34:22,LABEL_2
@ParkTTari,AI의 발전이 대단하네요삼성SDS에서 먼저 볼수 있게되어 너무 좋습니다,2024-02-29 06:34:22,LABEL_1
@haejinpark9928,뻔뻔한AI 아주 좋아요 보고서요약본 자동 생성 생산성이 올라갑니다 SDS생성형AI 홧팅입니다,2024-02-29 06:34:22,LABEL_1
@kimhana73,Ai기대됩니다 삼성이라면 믿을만한 제품입니다 세계 수출성공 기원합니다,2024-02-29 06:34:22,LABEL_1
@angryfafa,때와 장소를 가리지 않는 AI 패브릭스 너의 한계는 어디까지니 앞으로의 미래가 기대되면서도 두렵기도 하고 잉잉 좋아할까 말까 좀 더 나를 설득해봐 패브릭스 내일 다시올께 답장 해,2024-02-29 06:34:22,LABEL_0
@hanajeong1364,AI시대 오피스라이프 브랜드 필름을 보니 AI가 더 와닿네요,2024-02-29 06:34:23,LABEL_0
@user-yc8dp8hd5t,AI 사용해 어떻게 변하는지 요즘 다양한 분야에서 쓰이는 것을 볼수 있어서 좋구 기대되요하나 하나 나아지도록 같이하는 그 걸음 같이 해봅니다 함께 SNS 상에서 행복한 이야기 나누고 좋은 소통 통해 발전하길 소망합니다 우리나라는 인터넷 발전이 잘 된 곳이라 소셜 소통이 제일 중요한거 같아요  매일 다양한 이야기들이 나오는데 서로가 응원하며 노력한다면 더욱 긍정적 방향으로 나아가게 되리라 믿구요,2024-02-29 06:34:23,LABEL_1
@pink81000,역동적인 오피스라이프 기대되네요,2024-01-31 06:34:23,LABEL_1
@k_m_seok36,구독 완요 오래동안 함께해욥,2024-02-29 06:34:23,LABEL_1
@deargaram,삼성SDS와 AI패브릭스생성형 AI시대의 미래가 눈에 보이는듯 합니다,2024-02-29 06:34:23,LABEL_1
@user-dw5gz6lr7o,AI시대의 라이프가 기대되네요,2024-02-29 06:34:23,LABEL_0
@user-gv2zx7vh4e,삼성SDS가 만드는 이랬다저랬다 한 세상,2024-01-31 06:34:23,LABEL_0
@user-ob4gh8yw4k,삼성SDS AI시대응원합니다,2024-02-29 06:34:23,LABEL_0
@user-cd8df7rl4f,노래도 좋고 먼가 삼성sds의 포부를 알수 있어서 너무좋네요,2024-02-29 06:34:23,LABEL_1
@ggaon,삼성SDS 생성형 AI 서비스 응원합니다,2024-02-29 06:34:23,LABEL_1
@user-lf4dz1em5l,AI와 공존할수 있다니 정말 기대되네요 좋은 영상 잘봤어요 감사합니다,2024-01-31 06:34:23,LABEL_1
@bbubbu1212,생성형 AI 서비스삼성SDS 응원합니다,2024-02-29 06:34:23,LABEL_1
@user-eo5cg1fi7e,삼성SDS 응원합니다,2024-02-29 06:34:23,LABEL_1
@sonnyson2139,생성형 AI시대가 활짝 열리겠네요,2024-01-31 06:34:23,LABEL_1
@usertori69,삼성 SDS 생성형 AI서비스로인해 삶의 질이 크게 향상 될것같아요,2024-02-29 06:34:23,LABEL_1
@smartselly,대박 기대됩니다 이래도 저래도 쏙쏙 알아먹는 FabriX 가 있군요 빨리 사용해 보고 싶어요  구독 때리고 URL 지인들에게 던져 봅니다,2024-02-29 06:34:23,LABEL_1
@user-nv9lg2tx7u,삼성SDS 응원합니다,2024-02-29 06:34:23,LABEL_1
@dhrrm68,정말 이렇게 되는 건가요신세계에서 살아갈 날 기업의 생산성을 극대화 할것 같아요,2024-02-29 06:34:23,LABEL_1
@zenogias1114,세상 참 좋아졌네요,2024-01-31 06:34:23,LABEL_1
@allimayun7416,노래 완전 맘에 들어요 계속 반복해서 듣고 싶네요그리고 앞으로 더 유익한 영상 업로드 기대하겠습니다유튜브 구독완료도 했어요  최근에 회사경영 악화로 실직을 해서 많이 우울한데 당첨이 되면 기분 전환이 될 것 같네요 그리고 앞으로 이 채널이 더 많은 사람들에게 사랑받길 진심으로 응원합니다,2024-02-29 06:34:23,LABEL_1
@user-xp3hd4dr1x,참여완료삼성SDS 채고 ,2024-02-29 06:34:23,LABEL_1
@WSLee3651,AI의 모든 것 삼성SDS를 통해 배워요,2024-02-29 06:34:23,LABEL_1
@user-lg2xm1nw2w,미래 AI시대 오피스라이프 정말 기대가 됩니다,2024-01-31 06:34:23,LABEL_1
@user-oe8jq6wf3t,삼성SDS의 생성형 AI 서비스로 라이프 스타일이 얼마나 다양해 질런지 기대됩니다,2024-02-29 06:34:23,LABEL_0
@user-pk6no7ty6j,어제 s24울트라1테라 받고 거의 12시간 정도 지금까지 셋팅 중 입니다ai가 뭔지 차차 체험해볼께요번역은 해봤어요,2024-02-29 06:34:23,LABEL_0
@greenland1_3,역동적으로 변화하는 오피스라이프가 너무 기대됩니다,2024-01-31 06:34:23,LABEL_1
@qqqwe2,생성형ai 기술 기대됩니다 응원할께요,2024-02-29 06:34:23,LABEL_1
@eeeds33112,생성형ai 기술 기대됩니다 응원할께요,2024-02-29 06:34:23,LABEL_1
@zzzsw2,생성형ai 기술 기대됩니다 응원할께요,2024-02-29 06:34:23,LABEL_1
@lgd6108,생성형 ai시대 기대됩니다화이팅,2024-02-29 06:34:23,LABEL_1
@sssdw3,생성형ai 기술 기대됩니다 응원할께요,2024-02-29 06:34:23,LABEL_1
@ninoheesun,AI와 공존하는 오피스라이프가 기대됩니다,2024-01-31 06:34:23,LABEL_0
@temptem6039,디지털세계를 선도할 삼성SDS 생성형 AI가 앞으로 삶의 질을 변화시켜주리라 기대가됩니다,2024-02-29 06:34:23,LABEL_1
@user-cl4oy4oy8j,기업 업무에까지 활용한다면너무 편하겠네요,2024-01-31 06:34:23,LABEL_1
@uhomom,삼성 SDS 덕분에 AI 시대가 너무 편리하고 좋을 것 같아요,2024-01-31 06:34:23,LABEL_1
@delphi2502,삼성SDS 영상미 내용 모두 좋아요생성형 AI 시작은 삼성SDS,2024-02-29 06:34:23,LABEL_1
@user-nb8yg5fz8e,앞으로의 AI오피스 라이프 응원합니다,2024-02-29 06:34:23,LABEL_1
@user-xj9rn4sb6o,앞으로의 AI오피스 라이프 응원합니다,2024-02-29 06:34:23,LABEL_1
@user-eg2er5od5z,앞으로의 AI오피스 라이프 응원합니다,2024-02-29 06:34:23,LABEL_1
@user-pm3cz1ee6q,앞으로의 AI오피스 라이프 응원합니다,2024-02-29 06:34:23,LABEL_1
@user-dy5im6lo8r,앞으로의 AI오피스 라이프 응원합니다,2024-02-29 06:34:23,LABEL_1
@bibianna40,삼성SDS 최고에요   응원합니다 ,2024-02-29 06:34:23,LABEL_1
@user-yg9ro7ok8w,기찬 AI 알찬 AI 힘찬 AI시대 삼성SDS 생성형 AI 서비스오피스,2024-02-29 06:34:23,LABEL_1
@0152mina,뻔하지 않는 광고랑 시선이 가네요덕분에 구독하고 갑니다,2024-01-31 06:34:23,LABEL_1
@sjj924,생성형 AI기술 기대됍니다 구독완료,2024-02-29 06:34:23,LABEL_1
@user-vz7me7yz5q,앞으로의 AI오피스 라이프 응원합니다,2024-02-29 06:34:23,LABEL_1
@user-jx7fk1fk7r,우연히 봐서 재밌어서 찾아봤는데 삼성SDS 였네요 미래 AI시대 오피스와 라이프 매우 기대됩니다,2024-06-30 06:34:23,LABEL_1
@user-xu1zv5kv8i,삼성SDS 생성형 AI 서비스 기대되네요마구마구 부려보고 싶네요,2024-02-29 06:34:23,LABEL_1
@user-qw5ui7ko9s,좋은영상보고갑니다 눈에쏙쏙들어오네요 응원합니다,2024-02-29 06:34:23,LABEL_1
@yh55901,생성형 AI기대되네요 화이팅요,2024-02-29 06:34:23,LABEL_1
@clwiyiii,삼성SDS 생성형 AI서비스 기대됩니다,2024-02-29 06:34:23,LABEL_1
@0129khw,생성형 AI 기술의 발전은 인간을 이롭게 해주길 기대합니다,2024-01-31 06:34:23,LABEL_0
@user-yw3qc3kr1w,좋아요삼성최고,2024-02-29 06:34:23,LABEL_1
@kimyd0322,응원하겠습니다,2024-02-29 06:34:23,LABEL_1
@sayblog,AI가 갑자기 성큼 다가온 2024년 초 라스베가스 CES가 지나고 나니 더 일상으로 다가 온 듯 하네요,2024-01-31 06:34:23,LABEL_1
@yetizzang,생성형 AI의 눈부신 발전이 기대됩니다,2024-01-31 06:34:23,LABEL_0
@Kim-sp6fq,재밌어요 ㅎㅎ 응원하겠습니다,2024-02-29 06:34:23,LABEL_1
@jiyoungseoseo,다가오는 AI 시대 너무 기대됩니다,2024-01-31 06:34:23,LABEL_1
@user-yv1lj7xh5d,ai 오피스라이프 멋져요 ,2024-02-29 06:34:23,LABEL_1
@sungjinkim4197,생성형AI 기대돼요,2024-01-31 06:34:23,LABEL_1
@user-wg6ss3vh2k,요즘 여기저기 AI 관련 뉴스가 가득하군요특히 이번 삼성 S24시리즈에 특화된 기능이라고 하는데한번 경험해보고 싶어집니다,2024-02-29 06:34:23,LABEL_0
@hyemii0083,FabriX야 뻔뻔하게 일하는 엄마 회사에 책상 대신 침대 하나 놓아드려야겠으니 가성비 가장 좋은 오피스용 침대 추천 보고서 써줘,2024-01-31 06:34:23,LABEL_1
@user-xf3wn7ml7u,영상잘보았습니다 ,2024-02-29 06:34:23,LABEL_0
@youngsulj4819,삼성SDS 생성형 AI 서비스 기대하겠습니다,2024-02-29 06:34:23,LABEL_0
@kkk-yu7tb,생성형AI이 있으면 우리 일생생활이 편하고 기대가 되네요,2024-02-29 06:34:23,LABEL_1
@Healing_Music_Center,기업 하이포오토메이션 엑셀레이터 멋집니다,2024-05-31 06:34:23,LABEL_1
@user-qw5ui7ko9s,항상 응원합니다 화이팅입니다 좋은영상보고갑니다,2024-02-29 06:34:23,LABEL_1
@user-sx3tp5my3i,업무와 관련되어서 아쥬 유익한 정보였습니다 감사합니다,2024-01-31 06:34:23,LABEL_1
@liffeyriver,삼성SDS 생성형 AI 서비스 완전 최고네요,2024-02-29 06:34:23,LABEL_1
@user-xf4gn1tw3b,역시 늘 놀라운 AI  응원합니다,2024-02-29 06:34:23,LABEL_1
@user-tp6cb1fm8o,생성형 AI의 진화가 기대돼요,2024-01-31 06:34:23,LABEL_0
@skysurfing,광고도 넘 멋져요,2024-01-31 06:34:23,LABEL_1
@user-bo7ib5ob2m,와아 대박 응원합니다,2024-02-29 06:34:23,LABEL_1
@yongsuncho9350,삼성이 주도하는AI시대 기대되네요,2024-01-31 06:34:23,LABEL_1
@user-vq5hv8zo6f,역시 탁월하네요 짧지만 임팩트 있는 AI 삼성SDS 굿이네요,2024-02-29 06:34:23,LABEL_1
@cald1982,정말 마음에 와닿는 영상이네요멋지네요,2024-01-31 06:34:23,LABEL_1
@bisongi,앞으로의 미래가 얼마나 편리할 지 너무 기대됩니다,2024-01-31 06:34:23,LABEL_1
@aaaed1,ai 삼성sds와 함께해요 응원합니다,2024-02-29 06:34:23,LABEL_1
@zzzas11,ai 삼성sds와 함께해요 응원합니다,2024-02-29 06:34:23,LABEL_1
@zzzaq2,ai 삼성sds와 함께해요 응원합니다,2024-02-29 06:34:23,LABEL_1
@nanjae35,앞으로 너무 기대가 되면서 응원많이 할게요,2024-02-29 06:34:23,LABEL_1
@okk8048,AI시대 오피스와 라이프에 적용되면 편리하고 어디서든 가능하겠어요,2024-02-29 06:34:23,LABEL_1
@sinang1204,좋아요 ,2024-01-31 06:34:23,LABEL_1
@muaring,광고 잘 뽑았네요 ㅋㅋㅋ 넘 역동적이고 재밌어요,2024-01-31 06:34:23,LABEL_1
@user-kr5ne2do7m,기능이 기대되요,2024-02-29 06:34:23,LABEL_0
@user-qi5fo8qr8i,AI시대의 글로벌 리더 삼성SDS 가즈아,2024-02-29 06:34:23,LABEL_1
@user-cy4xo9uo9c,미래를 이어주는 기업,2024-02-29 06:34:23,LABEL_1
@downhillermr9,꽃필 날이 올겁니다,2024-02-29 06:34:23,LABEL_1
@yeomhyesung7,삼성SDS의 AI 서비스 기술 멋있따 ,2024-02-29 06:34:23,LABEL_1
@kiasman,좋은 영상 감사합니다,2024-02-29 06:34:23,LABEL_1
@blacke2773,광고 재미있네요 이제 미래가 시작되는 건가,2024-01-31 06:34:23,LABEL_0
@souvenirshopp,생성형 AI서비스는 역시나 삼성SDS,2024-02-29 06:34:23,LABEL_1
@Kelly-lz2ux,앞으로의 미래를 삼성을 통해 미리 확인합니다,2024-01-31 06:34:23,LABEL_0
@user-dx9gt1kp9r,참여하고 응원합니다,2024-02-29 06:34:23,LABEL_1
@1honey,나도 뻔뻔하게 참여완료 ,2024-01-31 06:34:23,LABEL_1
@user-eh1cj6bq3e,진짜 대단하네요,2024-02-29 06:34:23,LABEL_1
@user-nq5bm1rs6k,AI에 대해 문외한입니다 삼성SDS 생성형 AI 서비스를 통해 배워 나가도록 하겠습니다,2024-02-29 06:34:23,LABEL_0
@leech3313,참여하고가용 ,2024-01-31 06:34:23,LABEL_1
@JS-vh8bw,AI기술이 많이 발전했네요,2024-02-29 06:34:23,LABEL_1
@user-tc9lf8co6t,미래 AI시대,2024-01-31 06:34:23,LABEL_1
@user-ho1qb7sr7j,에이 아이,2024-02-29 06:34:23,LABEL_2
@kimkit15,볼만해요 아주 유용해요,2024-07-31 06:34:23,LABEL_1
@zzzas12,삼성sds완 함께 ai 시대를 앞서가요,2024-02-29 06:34:23,LABEL_1
@zzzaq1,삼성sds완 함께 ai 시대를 앞서가요,2024-02-29 06:34:23,LABEL_1
@aaasd1,삼성sds완 함께 ai 시대를 앞서가요,2024-02-29 06:34:23,LABEL_1
@keunseek,앞으로의 우리는 더 좋은세상에서 살게 될것입니다,2024-02-29 06:34:23,LABEL_1
@이율희,잘 봤습니다 응원합니다,2024-02-29 06:34:23,LABEL_1
@hhsjm7616,재밌게 잘 봤습니다 파이팅,2024-01-31 06:34:23,LABEL_1
@ahah7187,삼성 AI 파이팅,2024-06-30 06:34:23,LABEL_1
@jasonshin4816,삼성이 만들면 다르다삼성SDS 포에버,2024-02-29 06:34:23,LABEL_0
@user-gt3tk5ou6h,세상너무좋네여,2024-02-29 06:34:23,LABEL_1
@user-won2,광고임에도 불구하고 재밌게 시청했습니다,2024-02-29 06:34:23,LABEL_1
@junhyuklee6735,생성형 ai 가즈아,2024-02-29 06:34:23,LABEL_1
@user-mk2ij6mu6d,노래가 너무 좋아요 두근두근 ㅋㅋ 표 바로 붙이고 발언 요약되는 기능 너무 편할 것 같아요노래가 너무 좋아요 두근두근 ㅋㅋ 표 바로 붙이고 발언 요약되는 기능 너무 편할 것 같아요노래가 너무 좋아요 두근두근 ㅋㅋ 표 바로 붙이고 발언 요약되는 기능 너무 편할 것 같아요노래가 너무 좋아요 두근두근 ㅋㅋ 표 바로 붙이고 발언 요약되는 기능 너무 편할 것 같아요노래가 너무 좋아요 두근두근 ㅋㅋ 표 바로 붙이고 발언 요약되는 기능 너무 편할 것 같아요노래가 너무 좋아요 두근두근 ㅋㅋ 표 바로 붙이고 발언 요약되는 기능 너무 편할 것 같아요노래가 너무 좋아요 두근두근 ㅋㅋ 표 바로 붙이고 발언 요약되는 기능 너무 편할 것 같아요노래가 너무 좋아요 두근두근 ㅋㅋ 표 바로 붙이고 발언 요약되는 기능 너무 편할 것 같아요노래가 너무 좋아요 두근두근 ㅋㅋ 표 바로 붙이고 발언 요약되는 기능 너무 편할 것 같아요노래가 너무 좋아요 두근두근 ㅋㅋ 표 바로 붙이고 발언 요약되는 기능 너무 편할 것 같아요노래가 너무 좋아요 두근두근 ㅋㅋ 표 바로 붙이고 발언 요약되는 기능 너무 편할 것 같아요노래가 너무 좋아요 두근두근 ㅋㅋ 표 바로 붙이고 발언 요약되는 기능 너무 편할 것 같아요노래가 너무 좋아요 두근두근 ㅋㅋ 표 바로 붙이고 발언 요약되는 기능 너무 편할 것 같아요노래가 너무 좋아요 두근두근 ㅋㅋ 표 바로 붙이고 발언 요약되는 기능 너무 편할 것 같아요노래가 너무 좋아요 두근두근 ㅋㅋ 표 바로 붙이고 발언 요약되는 기능 너무 편할 것 같아요노래가 너무 좋아요 두근두근 ㅋㅋ 표 바로 붙이고 발언 요약되는 기능 너무 편할 것 같아요노래가 너무 좋아요 두근두근 ㅋㅋ 표 바로 붙이고 발언 요약되는 기능 너무 편할 것 같아요노래가 너무 좋아요 두근두근 ㅋㅋ 표 바로 붙이고 발언 요약되는 기능 너무 편할 것 같아요노래가 너무 좋아요 두근두근 ㅋㅋ 표 바로 붙이고 발언 요약되는 기능 너무 편할 것 같아요노래가 너무 좋아요 두근두근 ㅋㅋ 표 바로 붙이고 발언 요약되는 기능 너무 편할 것 같아요노래가 너무 좋아요 두근두근 ㅋㅋ 표 바로 붙이고 발언 요약되는 기능 너무 편할 것 같아요노래가 너무 좋아요 두근두근 ㅋㅋ 표 바로 붙이고 발언 요약되는 기능 너무 편할 것 같아요노래가 너무 좋아요 두근두근 ㅋㅋ 표 바로 붙이고 발언 요약되는 기능 너무 편할 것 같아요노래가 너무 좋아요 두근두근 ㅋㅋ 표 바로 붙이고 발언 요약되는 기능 너무 편할 것 같아요노래가 너무 좋아요 두근두근 ㅋㅋ 표 바로 붙이고 발언 요약되는 기능 너무 편할 것 같아요노래가 너무 좋아요 두근두근 ㅋㅋ 표 바로 붙이고 발언 요약되는 기능 너무 편할 것 같아요,2024-03-31 06:34:23,LABEL_1
@user-vt4fv6pq8c,AI가 기대돼요,2024-01-31 06:34:23,LABEL_0
@user-wk8hi4hf2y,좋네요,2024-01-31 06:34:23,LABEL_1
@ply..,메일 써주는 기능 넘 유용하겠어요,2024-02-29 06:34:23,LABEL_1
@hey_jey_,응원합니다 ,2024-02-29 06:34:23,LABEL_1
@BobbyKim-ed8ud,Chatgpt에 비견되는 생성형ai가 되었으면,2024-02-29 06:34:23,LABEL_0
@koodoo12,세상이 빠르게 발전하는데에 많은 도움이 되었으면,2024-02-29 06:34:23,LABEL_0
@yumyum422,갤럭시 ai 폼 미춋따,2024-01-31 06:34:23,LABEL_0
@user-gl5gs9cx2d,이벤트 참여하였습니다,2024-02-29 06:34:23,LABEL_1
@storyhan,Ai좋은거야,2024-02-29 06:34:23,LABEL_1
@kimmykim9616,삼성 SDS 생성형 AI와 함께할 미래가 너무 기대가됩니다,2024-02-29 06:34:23,LABEL_0
@loderunner1125,이제는 촌스럽게 사람을 갈구는 시대는 지났다AI를 갈구는 시대,2024-02-29 06:34:23,LABEL_0
@zzzsw1,ai 능력이 엄청나네요 감사합니다,2024-02-29 06:34:23,LABEL_1
@sssdw2,ai 능력이 엄청나네요 감사합니다,2024-02-29 06:34:23,LABEL_1
@ooupm22382,ai 능력이 엄청나네요 감사합니다,2024-02-29 06:34:23,LABEL_1
@qqqwe4,ai 능력이 엄청나네요 감사합니다,2024-02-29 06:34:23,LABEL_1
@doeyounglee50,재밌네요 자라나는 아이들을 위해 광고에서는 존댓말로 요청해 보는건 어떨까요,2024-01-31 06:34:23,LABEL_0
@minam5pa,이거 노래 제목이 뭔가요,2024-01-31 06:34:23,LABEL_0
@kds4885,뻔뻔해집시다 별걸다 물어보세요 편리한 세상을 위해 노력하는 모습 응원합니다,2024-02-29 06:34:23,LABEL_0
@user-rl9ns5qb4o,광고에 나온 해줘 해줘 하는 분들 별로 하는 일 없어보이는데 곧 짤리겠죠 ㅋㅋ,2024-02-29 06:34:23,LABEL_2
@user-xp4xn9qf9e,,2024-02-29 06:34:23,LABEL_0
@romanfly1972,생성형 AI 덕분에 이젠 당당해질 수 있을듯 ㅋ,2024-02-29 06:34:23,LABEL_1
@user-cm4vo3dn4x,Good,2024-02-29 06:34:23,LABEL_1
@user-ew8db2yy7t,하이퍼오토메이션 엑셀레이터굿굿,2024-02-29 06:34:23,LABEL_1
@user-qr6oi9my1x,다맞는말ㅋㅋㅋㅋㅋ,2024-02-29 06:34:23,LABEL_0
@rillala,화이팅,2024-02-29 06:34:23,LABEL_1
@Rheehot,AI 도 삼성SDS 와 함께,2024-02-29 06:34:23,LABEL_1
@user-et2vy2rx2d,ai시대의 선구자,2024-05-31 06:34:23,LABEL_1
@user-nm7co7mc8z,Fabrix 를 이용하면 근무시간을 단축 할수 있을것 같네요,2024-06-30 06:34:23,LABEL_0
@donghoonlee9555,AI오라 ,2024-02-29 06:34:23,LABEL_0
@sleeping-gypsy,ㅎㅎ 나도 뻔뻔하게 별걸 다물어보고 이래라저래라 이랬다저랬다 해야겠다,2024-02-29 06:34:23,LABEL_2
@r0xkr,Super Normal의 시대,2024-04-30 06:34:23,LABEL_0
@i8071625,싱기하다,2024-01-31 06:34:23,LABEL_2
